INSERT INTO public."user"(id, username, banned_by, banned_at, ban_reason)
VALUES (34, 'vahter_1', NULL, NULL, NULL),
       (69, 'vahter_2', NULL, NULL, NULL);

-- insert some fake data for ML training
INSERT INTO public."user"(id, username, banned_by, banned_at, ban_reason)
VALUES (1001, 'a', NULL, NULL, NULL),
       (1002, 'b', NULL, NULL, NULL),
       (1003, 'c', NULL, NULL, NULL),
       (1004, 'd', NULL, NULL, NULL),
       (1005, 'e', NULL, NULL, NULL),
       (1006, 'f', NULL, NULL, NULL),
       (1007, 'g', NULL, NULL, NULL),
       (1008, 'h', NULL, NULL, NULL),
       (1009, 'i', NULL, NULL, NULL),
       (1010, 'j', NULL, NULL, NULL);

INSERT INTO public.message(chat_id, message_id, user_id, created_at, text, raw_message)
VALUES (-666, 10001, 1001, now() - '1 day'::INTERVAL, 'a', '{}'), -- false positive user banned
       (-666, 10002, 1001, now() - '1 day'::INTERVAL, 'aa', '{}'),
       (-666, 10003, 1001, now() - '1 day'::INTERVAL, 'aaa', '{}'),
       (-666, 10004, 1002, now() - '1 day'::INTERVAL, 'aaaa', '{}'),
       (-666, 10005, 1002, now() - '1 day'::INTERVAL, 'aaaaa', '{}'),
       (-666, 10006, 1003, now() - '1 day'::INTERVAL, 'aaaaaa', '{}'),
       (-666, 10007, 1003, now() - '1 day'::INTERVAL, 'aaaaaaa', '{}'),
       (-666, 10008, 1004, now() - '1 day'::INTERVAL, 'a', '{}'), -- false positive message banned
       (-666, 10009, 1005, now() - '1 day'::INTERVAL, '1', '{}'),
       (-666, 10010, 1005, now() - '1 day'::INTERVAL, '1', '{}'),
       (-42, 10001, 1001, now() - '1 day'::INTERVAL, 'a', '{}'),
       (-42, 10002, 1001, now() - '1 day'::INTERVAL, 'a', '{}'),
       (-42, 10003, 1001, now() - '1 day'::INTERVAL, 'a', '{}'),
       (-42, 10004, 1002, now() - '1 day'::INTERVAL, 'a', '{}'),
       (-42, 10005, 1002, now() - '1 day'::INTERVAL, 'a', '{}'),
       (-42, 10006, 1003, now() - '1 day'::INTERVAL, 'a', '{}'),
       (-42, 10007, 1003, now() - '1 day'::INTERVAL, 'a', '{}'),
       (-42, 10008, 1004, now() - '1 day'::INTERVAL, '3', '{}'),  -- false negative
       (-42, 10009, 1006, now() - '1 day'::INTERVAL, '1', '{}'),

       -- to prevent small sample size, we'll copy the next line 100 times
       -- this is spam
       (-42, 10010, 1006, now() - '1 day'::INTERVAL, '1', '{}'),
       (-42, 10011, 1006, now() - '1 day'::INTERVAL, '11', '{}'),
       (-42, 10012, 1006, now() - '1 day'::INTERVAL, '111', '{}'),
       (-42, 10013, 1006, now() - '1 day'::INTERVAL, '1111', '{}'),
       (-42, 10014, 1006, now() - '1 day'::INTERVAL, '11111', '{}'),
       (-42, 10015, 1006, now() - '1 day'::INTERVAL, '111111', '{}'),
       (-42, 10016, 1006, now() - '1 day'::INTERVAL, '1111111', '{}'),
       (-42, 10017, 1006, now() - '1 day'::INTERVAL, '11111111', '{}'),
       (-42, 10018, 1006, now() - '1 day'::INTERVAL, '111111111', '{}'),
       (-42, 10019, 1006, now() - '1 day'::INTERVAL, '1111111111', '{}'),
       (-42, 10020, 1006, now() - '1 day'::INTERVAL, '11111111111', '{}'),
       (-42, 10021, 1006, now() - '1 day'::INTERVAL, '111111111111', '{}'),
       (-42, 10022, 1006, now() - '1 day'::INTERVAL, '1111111111111', '{}'),
       (-42, 10023, 1006, now() - '1 day'::INTERVAL, '11111111111111', '{}'),
       (-42, 10024, 1006, now() - '1 day'::INTERVAL, '111111111111111', '{}'),
       (-42, 10025, 1006, now() - '1 day'::INTERVAL, '1111111111111111', '{}'),
       (-42, 10026, 1006, now() - '1 day'::INTERVAL, '11111111111111111', '{}'),
       (-42, 10027, 1006, now() - '1 day'::INTERVAL, '111111111111111111', '{}'),
       (-42, 10028, 1006, now() - '1 day'::INTERVAL, '1111111111111111111', '{}'),
       (-42, 10029, 1006, now() - '1 day'::INTERVAL, '11111111111111111111', '{}'),
       (-42, 10030, 1006, now() - '1 day'::INTERVAL, '1', '{}'),
       (-42, 10031, 1006, now() - '1 day'::INTERVAL, '1', '{}'),
       (-42, 10032, 1006, now() - '1 day'::INTERVAL, '1', '{}'),
       (-42, 10033, 1006, now() - '1 day'::INTERVAL, '1', '{}'),
       (-42, 10034, 1006, now() - '1 day'::INTERVAL, '1', '{}'),
       (-42, 10035, 1006, now() - '1 day'::INTERVAL, '1', '{}'),
       (-42, 10036, 1006, now() - '1 day'::INTERVAL, '1', '{}'),
       (-42, 10037, 1006, now() - '1 day'::INTERVAL, '1', '{}'),
       (-42, 10038, 1006, now() - '1 day'::INTERVAL, '1', '{}'),
       (-42, 10039, 1006, now() - '1 day'::INTERVAL, '1', '{}'),
       (-42, 10040, 1006, now() - '1 day'::INTERVAL, '1', '{}'),
       (-42, 10041, 1006, now() - '1 day'::INTERVAL, '1', '{}'),
       (-42, 10042, 1006, now() - '1 day'::INTERVAL, '1', '{}'),
       (-42, 10043, 1006, now() - '1 day'::INTERVAL, '1', '{}'),
       (-42, 10044, 1006, now() - '1 day'::INTERVAL, '1', '{}'),
       (-42, 10045, 1006, now() - '1 day'::INTERVAL, '1', '{}'),
       (-42, 10046, 1006, now() - '1 day'::INTERVAL, '1', '{}'),
       (-42, 10047, 1006, now() - '1 day'::INTERVAL, '1', '{}'),
       (-42, 10048, 1006, now() - '1 day'::INTERVAL, '1', '{}'),
       (-42, 10049, 1006, now() - '1 day'::INTERVAL, '1', '{}'),
       (-42, 10050, 1006, now() - '1 day'::INTERVAL, '1', '{}'),
       (-42, 10051, 1006, now() - '1 day'::INTERVAL, '1', '{}'),
       (-42, 10052, 1006, now() - '1 day'::INTERVAL, '1', '{}'),
       (-42, 10053, 1006, now() - '1 day'::INTERVAL, '1', '{}'),
       (-42, 10054, 1006, now() - '1 day'::INTERVAL, '1', '{}'),
       (-42, 10055, 1006, now() - '1 day'::INTERVAL, '1', '{}'),
       (-42, 10056, 1006, now() - '1 day'::INTERVAL, '1', '{}'),
       (-42, 10057, 1006, now() - '1 day'::INTERVAL, '1', '{}'),
       (-42, 10058, 1006, now() - '1 day'::INTERVAL, '1', '{}'),
       (-42, 10059, 1006, now() - '1 day'::INTERVAL, '1', '{}'),
       (-42, 10060, 1006, now() - '1 day'::INTERVAL, '1', '{}'),
       (-42, 10061, 1006, now() - '1 day'::INTERVAL, '1', '{}'),
       (-42, 10062, 1006, now() - '1 day'::INTERVAL, '1', '{}'),
       (-42, 10063, 1006, now() - '1 day'::INTERVAL, '1', '{}'),
       (-42, 10064, 1006, now() - '1 day'::INTERVAL, '1', '{}'),
       (-42, 10065, 1006, now() - '1 day'::INTERVAL, '1', '{}'),
       (-42, 10066, 1006, now() - '1 day'::INTERVAL, '1', '{}'),
       (-42, 10067, 1006, now() - '1 day'::INTERVAL, '1', '{}'),
       (-42, 10068, 1006, now() - '1 day'::INTERVAL, '1', '{}'),
       (-42, 10069, 1006, now() - '1 day'::INTERVAL, '1', '{}'),
       (-42, 10070, 1006, now() - '1 day'::INTERVAL, '2', '{}'),
       (-42, 10071, 1006, now() - '1 day'::INTERVAL, '2', '{}'),
       (-42, 10072, 1006, now() - '1 day'::INTERVAL, '2', '{}'),
       (-42, 10073, 1006, now() - '1 day'::INTERVAL, '2', '{}'),
       (-42, 10074, 1006, now() - '1 day'::INTERVAL, '22', '{}'),
       (-42, 10075, 1006, now() - '1 day'::INTERVAL, '222', '{}'),
       (-42, 10076, 1006, now() - '1 day'::INTERVAL, '2222', '{}'),
       (-42, 10077, 1006, now() - '1 day'::INTERVAL, '22222', '{}'),
       (-42, 10078, 1006, now() - '1 day'::INTERVAL, '222222', '{}'),
       (-42, 10079, 1006, now() - '1 day'::INTERVAL, '2222222', '{}'),
       (-42, 10080, 1006, now() - '1 day'::INTERVAL, '22222222', '{}'),
       (-42, 10081, 1006, now() - '1 day'::INTERVAL, '222222222', '{}'),
       (-42, 10082, 1006, now() - '1 day'::INTERVAL, '2222222222', '{}'),
       (-42, 10083, 1006, now() - '1 day'::INTERVAL, '22222222222', '{}'),
       (-42, 10084, 1006, now() - '1 day'::INTERVAL, '222222222222', '{}'),
       (-42, 10085, 1006, now() - '1 day'::INTERVAL, '2222222222222', '{}'),
       (-42, 10086, 1006, now() - '1 day'::INTERVAL, '22222222222222', '{}'),
       (-42, 10087, 1006, now() - '1 day'::INTERVAL, '222222222222222', '{}'),
       (-42, 10088, 1006, now() - '1 day'::INTERVAL, '2222222222222222', '{}'),
       (-42, 10089, 1006, now() - '1 day'::INTERVAL, '22222222222222222', '{}'),
       (-42, 10090, 1006, now() - '1 day'::INTERVAL, '222222222222222222', '{}'),
       (-42, 10091, 1006, now() - '1 day'::INTERVAL, '2222222222222222222', '{}'),
       (-42, 10092, 1006, now() - '1 day'::INTERVAL, '22222222222222222222', '{}'),
       (-42, 10093, 1006, now() - '1 day'::INTERVAL, '222222222222222222222', '{}'),
       (-42, 10094, 1006, now() - '1 day'::INTERVAL, '2222222222222222222222', '{}'),
       (-42, 10095, 1006, now() - '1 day'::INTERVAL, '22222222222222222222222', '{}'),
       (-42, 10096, 1006, now() - '1 day'::INTERVAL, '222222222222222222222222', '{}'),
       (-42, 10097, 1006, now() - '1 day'::INTERVAL, '2222222222222222222222222', '{}'),
       (-42, 10098, 1006, now() - '1 day'::INTERVAL, '22222222222222222222222222', '{}'),
       (-42, 10099, 1006, now() - '1 day'::INTERVAL, '222222222222222222222222222', '{}'),
       -- this is not spam
       (-666, 10100, 1001, now() - '1 day'::INTERVAL, 'a', '{}'),
       (-666, 10101, 1001, now() - '1 day'::INTERVAL, 'b', '{}'),
       (-666, 10102, 1001, now() - '1 day'::INTERVAL, 'c', '{}'),
       (-666, 10103, 1001, now() - '1 day'::INTERVAL, 'd', '{}'),
       (-666, 10104, 1001, now() - '1 day'::INTERVAL, 'e', '{}'),
       (-666, 10105, 1001, now() - '1 day'::INTERVAL, 'f', '{}'),
       (-666, 10106, 1001, now() - '1 day'::INTERVAL, 'g', '{}'),
       (-666, 10107, 1001, now() - '1 day'::INTERVAL, 'h', '{}'),
       (-666, 10108, 1001, now() - '1 day'::INTERVAL, 'i', '{}'),
       (-666, 10109, 1001, now() - '1 day'::INTERVAL, 'j', '{}'),
       (-666, 10110, 1001, now() - '1 day'::INTERVAL, 'k', '{}'),
       (-666, 10111, 1001, now() - '1 day'::INTERVAL, 'l', '{}'),
       (-666, 10112, 1001, now() - '1 day'::INTERVAL, 'm', '{}'),
       (-666, 10113, 1001, now() - '1 day'::INTERVAL, 'n', '{}'),
       (-666, 10114, 1001, now() - '1 day'::INTERVAL, 'o', '{}'),
       (-666, 10115, 1001, now() - '1 day'::INTERVAL, 'p', '{}'),
       (-666, 10116, 1001, now() - '1 day'::INTERVAL, 'q', '{}'),
       (-666, 10117, 1001, now() - '1 day'::INTERVAL, 'r', '{}'),
       (-666, 10118, 1001, now() - '1 day'::INTERVAL, 's', '{}'),
       (-666, 10119, 1001, now() - '1 day'::INTERVAL, 't', '{}'),
       (-666, 10120, 1001, now() - '1 day'::INTERVAL, 'u', '{}'),
       (-666, 10121, 1001, now() - '1 day'::INTERVAL, 'v', '{}'),
       (-666, 10122, 1001, now() - '1 day'::INTERVAL, 'w', '{}'),
       (-666, 10123, 1001, now() - '1 day'::INTERVAL, 'x', '{}'),
       (-666, 10124, 1001, now() - '1 day'::INTERVAL, 'y', '{}'),
       (-666, 10125, 1001, now() - '1 day'::INTERVAL, 'z', '{}'),
       (-666, 10126, 1001, now() - '1 day'::INTERVAL, 'a', '{}'),
       (-666, 10127, 1001, now() - '1 day'::INTERVAL, 'a', '{}'),
       (-666, 10128, 1001, now() - '1 day'::INTERVAL, 'a', '{}'),
       (-666, 10129, 1001, now() - '1 day'::INTERVAL, 'a', '{}'),
       (-666, 10130, 1001, now() - '1 day'::INTERVAL, 'a', '{}'),
       (-666, 10131, 1001, now() - '1 day'::INTERVAL, 'a', '{}'),
       (-666, 10132, 1001, now() - '1 day'::INTERVAL, 'a', '{}'),
       (-666, 10133, 1001, now() - '1 day'::INTERVAL, 'a', '{}'),
       (-666, 10134, 1001, now() - '1 day'::INTERVAL, 'a', '{}'),
       (-666, 10135, 1001, now() - '1 day'::INTERVAL, 'a', '{}'),
       (-666, 10136, 1001, now() - '1 day'::INTERVAL, 'a', '{}'),
       (-666, 10137, 1001, now() - '1 day'::INTERVAL, 'a', '{}'),
       (-666, 10138, 1001, now() - '1 day'::INTERVAL, 'a', '{}'),
       (-666, 10139, 1001, now() - '1 day'::INTERVAL, 'a', '{}'),
       (-666, 10140, 1001, now() - '1 day'::INTERVAL, 'a', '{}'),
       (-666, 10141, 1001, now() - '1 day'::INTERVAL, 'a', '{}'),
       (-666, 10142, 1001, now() - '1 day'::INTERVAL, 'a', '{}'),
       (-666, 10143, 1001, now() - '1 day'::INTERVAL, 'a', '{}'),
       (-666, 10144, 1001, now() - '1 day'::INTERVAL, 'a', '{}'),
       (-666, 10145, 1001, now() - '1 day'::INTERVAL, 'a', '{}'),
       (-666, 10146, 1001, now() - '1 day'::INTERVAL, 'a', '{}'),
       (-666, 10147, 1001, now() - '1 day'::INTERVAL, 'a', '{}'),
       (-666, 10148, 1001, now() - '1 day'::INTERVAL, 'a', '{}'),
       (-666, 10149, 1001, now() - '1 day'::INTERVAL, 'a', '{}'),
       (-666, 10150, 1001, now() - '1 day'::INTERVAL, 'a', '{}'),
       (-666, 10151, 1001, now() - '1 day'::INTERVAL, 'a', '{}'),
       (-666, 10152, 1001, now() - '1 day'::INTERVAL, 'a', '{}'),
       (-666, 10153, 1001, now() - '1 day'::INTERVAL, 'a', '{}'),
       (-666, 10154, 1001, now() - '1 day'::INTERVAL, 'a', '{}'),
       (-666, 10155, 1001, now() - '1 day'::INTERVAL, 'a', '{}'),
       (-666, 10156, 1001, now() - '1 day'::INTERVAL, 'a', '{}'),
       (-666, 10157, 1001, now() - '1 day'::INTERVAL, 'a', '{}'),
       (-666, 10158, 1001, now() - '1 day'::INTERVAL, 'a', '{}'),
       (-666, 10159, 1001, now() - '1 day'::INTERVAL, 'a', '{}'),
       (-666, 10160, 1001, now() - '1 day'::INTERVAL, 'a', '{}'),
       (-666, 10161, 1001, now() - '1 day'::INTERVAL, 'a', '{}'),
       (-666, 10162, 1001, now() - '1 day'::INTERVAL, 'a', '{}'),
       (-666, 10163, 1001, now() - '1 day'::INTERVAL, 'a', '{}'),
       (-666, 10164, 1001, now() - '1 day'::INTERVAL, 'a', '{}'),
       (-666, 10165, 1001, now() - '1 day'::INTERVAL, 'a', '{}'),
       (-666, 10166, 1001, now() - '1 day'::INTERVAL, 'a', '{}'),
       (-666, 10167, 1001, now() - '1 day'::INTERVAL, 'a', '{}'),
       (-666, 10168, 1001, now() - '1 day'::INTERVAL, 'a', '{}'),
       (-666, 10169, 1001, now() - '1 day'::INTERVAL, 'a', '{}'),
       (-666, 10170, 1001, now() - '1 day'::INTERVAL, 'a', '{}'),
       (-666, 10171, 1001, now() - '1 day'::INTERVAL, 'a', '{}'),
       (-666, 10172, 1001, now() - '1 day'::INTERVAL, 'a', '{}'),
       (-666, 10173, 1001, now() - '1 day'::INTERVAL, 'a', '{}'),
       (-666, 10174, 1001, now() - '1 day'::INTERVAL, 'a', '{}'),
       (-666, 10175, 1001, now() - '1 day'::INTERVAL, 'a', '{}'),
       (-666, 10176, 1001, now() - '1 day'::INTERVAL, 'a', '{}'),
       (-666, 10177, 1001, now() - '1 day'::INTERVAL, 'a', '{}'),
       (-666, 10178, 1001, now() - '1 day'::INTERVAL, 'a', '{}'),
       (-666, 10179, 1001, now() - '1 day'::INTERVAL, 'a', '{}'),
       (-666, 10180, 1001, now() - '1 day'::INTERVAL, 'a', '{}'),
       (-666, 10181, 1001, now() - '1 day'::INTERVAL, 'a', '{}'),
       (-666, 10182, 1001, now() - '1 day'::INTERVAL, 'a', '{}'),
       (-666, 10183, 1001, now() - '1 day'::INTERVAL, 'a', '{}'),
       (-666, 10184, 1001, now() - '1 day'::INTERVAL, 'a', '{}'),
       (-666, 10185, 1001, now() - '1 day'::INTERVAL, 'a', '{}'),
       (-666, 10186, 1001, now() - '1 day'::INTERVAL, 'a', '{}'),
       (-666, 10187, 1001, now() - '1 day'::INTERVAL, 'a', '{}'),
       (-666, 10188, 1001, now() - '1 day'::INTERVAL, 'a', '{}'),
       (-666, 10189, 1001, now() - '1 day'::INTERVAL, 'a', '{}'),
       (-666, 10190, 1001, now() - '1 day'::INTERVAL, 'a', '{}'),
       (-666, 10191, 1001, now() - '1 day'::INTERVAL, 'a', '{}'),
       (-666, 10192, 1001, now() - '1 day'::INTERVAL, 'a', '{}'),
       (-666, 10193, 1001, now() - '1 day'::INTERVAL, 'a', '{}'),
       (-666, 10194, 1001, now() - '1 day'::INTERVAL, 'a', '{}'),
       (-666, 10195, 1001, now() - '1 day'::INTERVAL, 'a', '{}'),
       (-666, 10196, 1001, now() - '1 day'::INTERVAL, 'a', '{}'),
       (-666, 10197, 1001, now() - '1 day'::INTERVAL, 'a', '{}'),
       (-666, 10198, 1001, now() - '1 day'::INTERVAL, 'a', '{}'),
       (-666, 10199, 1001, now() - '1 day'::INTERVAL, 'a', '{}'),

       -- to enforce false-negative appearance of 3
       (-666, 10200, 1001, now() - '1 day'::INTERVAL, '3', '{}'),
       (-666, 10201, 1001, now() - '1 day'::INTERVAL, '33', '{}'),
       (-666, 10202, 1001, now() - '1 day'::INTERVAL, '333', '{}'),
       (-666, 10203, 1001, now() - '1 day'::INTERVAL, '3333', '{}'),
       (-666, 10204, 1001, now() - '1 day'::INTERVAL, '33333', '{}'),
       (-666, 10205, 1001, now() - '1 day'::INTERVAL, '333333', '{}'),
       (-666, 10206, 1001, now() - '1 day'::INTERVAL, '3333333', '{}'),
       (-666, 10207, 1001, now() - '1 day'::INTERVAL, '33333333', '{}'),
       (-666, 10208, 1001, now() - '1 day'::INTERVAL, '333333333', '{}'),
       (-666, 10209, 1001, now() - '1 day'::INTERVAL, '3333333333', '{}'),
       (-666, 10210, 1001, now() - '1 day'::INTERVAL, '33333333333', '{}'),
       (-666, 10211, 1001, now() - '1 day'::INTERVAL, '333333333333', '{}'),
       (-666, 10212, 1001, now() - '1 day'::INTERVAL, '3333333333333', '{}'),
       (-666, 10213, 1001, now() - '1 day'::INTERVAL, '33333333333333', '{}'),
       (-666, 10214, 1001, now() - '1 day'::INTERVAL, '333333333333333', '{}'),
       (-666, 10215, 1001, now() - '1 day'::INTERVAL, '3333333333333333', '{}'),
       (-666, 10216, 1001, now() - '1 day'::INTERVAL, '33333333333333333', '{}'),
       (-666, 10217, 1001, now() - '1 day'::INTERVAL, '333333333333333333', '{}'),
       (-666, 10218, 1001, now() - '1 day'::INTERVAL, '3333333333333333333', '{}'),
       (-666, 10219, 1001, now() - '1 day'::INTERVAL, '33333333333333333333', '{}'),
       (-666, 10220, 1001, now() - '1 day'::INTERVAL, '333333333333333333333', '{}'),
       (-666, 10221, 1001, now() - '1 day'::INTERVAL, '3333333333333333333333', '{}'),
       (-666, 10222, 1001, now() - '1 day'::INTERVAL, '33333333333333333333333', '{}'),
       (-666, 10223, 1001, now() - '1 day'::INTERVAL, '333333333333333333333333', '{}'),
       (-666, 10224, 1001, now() - '1 day'::INTERVAL, '3333333333333333333333333', '{}'),
       (-666, 10225, 1001, now() - '1 day'::INTERVAL, '33333333333333333333333333', '{}'),
       (-666, 10226, 1001, now() - '1 day'::INTERVAL, '333333333333333333333333333', '{}'),
       (-666, 10227, 1001, now() - '1 day'::INTERVAL, '3333333333333333333333333333', '{}'),
       (-666, 10228, 1001, now() - '1 day'::INTERVAL, '33333333333333333333333333333', '{}'),
       (-666, 10229, 1001, now() - '1 day'::INTERVAL, '333333333333333333333333333333', '{}'),
       (-666, 10230, 1001, now() - '1 day'::INTERVAL, '3', '{}'),
       (-666, 10231, 1001, now() - '1 day'::INTERVAL, '3', '{}'),
       (-666, 10232, 1001, now() - '1 day'::INTERVAL, '3', '{}'),
       (-666, 10233, 1001, now() - '1 day'::INTERVAL, '3', '{}'),
       (-666, 10234, 1001, now() - '1 day'::INTERVAL, '3', '{}'),
       (-666, 10235, 1001, now() - '1 day'::INTERVAL, '3', '{}'),
       (-666, 10236, 1001, now() - '1 day'::INTERVAL, '3', '{}'),
       (-666, 10237, 1001, now() - '1 day'::INTERVAL, '3', '{}'),
       (-666, 10238, 1001, now() - '1 day'::INTERVAL, '3', '{}'),
       (-666, 10239, 1001, now() - '1 day'::INTERVAL, '3', '{}'),
       (-666, 10240, 1001, now() - '1 day'::INTERVAL, '3', '{}'),
       (-666, 10241, 1001, now() - '1 day'::INTERVAL, '3', '{}'),
       (-666, 10242, 1001, now() - '1 day'::INTERVAL, '3', '{}'),
       (-666, 10243, 1001, now() - '1 day'::INTERVAL, '3', '{}'),
       (-666, 10244, 1001, now() - '1 day'::INTERVAL, '3', '{}'),
       (-666, 10245, 1001, now() - '1 day'::INTERVAL, '3', '{}'),
       (-666, 10246, 1001, now() - '1 day'::INTERVAL, '3', '{}'),
       (-666, 10247, 1001, now() - '1 day'::INTERVAL, '3', '{}'),
       (-666, 10248, 1001, now() - '1 day'::INTERVAL, '3', '{}'),
       (-666, 10249, 1001, now() - '1 day'::INTERVAL, '3', '{}'),
       (-666, 10250, 1001, now() - '1 day'::INTERVAL, '3', '{}'),
       (-666, 10251, 1001, now() - '1 day'::INTERVAL, '3', '{}'),
       (-666, 10252, 1001, now() - '1 day'::INTERVAL, '3', '{}'),
       (-666, 10253, 1001, now() - '1 day'::INTERVAL, '3', '{}'),
       (-666, 10254, 1001, now() - '1 day'::INTERVAL, '3', '{}'),
       (-666, 10255, 1001, now() - '1 day'::INTERVAL, '3', '{}'),
       (-666, 10256, 1001, now() - '1 day'::INTERVAL, '3', '{}'),
       (-666, 10257, 1001, now() - '1 day'::INTERVAL, '3', '{}'),
       (-666, 10258, 1001, now() - '1 day'::INTERVAL, '3', '{}'),
       (-666, 10259, 1001, now() - '1 day'::INTERVAL, '3', '{}'),
       (-666, 10260, 1001, now() - '1 day'::INTERVAL, '3', '{}'),
       (-666, 10261, 1001, now() - '1 day'::INTERVAL, '3', '{}'),
       (-666, 10262, 1001, now() - '1 day'::INTERVAL, '3', '{}'),
       (-666, 10263, 1001, now() - '1 day'::INTERVAL, '3', '{}'),
       (-666, 10264, 1001, now() - '1 day'::INTERVAL, '3', '{}'),
       (-666, 10265, 1001, now() - '1 day'::INTERVAL, '3', '{}'),
       (-666, 10266, 1001, now() - '1 day'::INTERVAL, '3', '{}'),
       (-666, 10267, 1001, now() - '1 day'::INTERVAL, '3', '{}'),
       (-666, 10268, 1001, now() - '1 day'::INTERVAL, '3', '{}'),
       (-666, 10269, 1001, now() - '1 day'::INTERVAL, '3', '{}'),
       (-666, 10270, 1001, now() - '1 day'::INTERVAL, '3', '{}'),
       (-666, 10271, 1001, now() - '1 day'::INTERVAL, '3', '{}'),
       (-666, 10272, 1001, now() - '1 day'::INTERVAL, '3', '{}'),
       (-666, 10273, 1001, now() - '1 day'::INTERVAL, '3', '{}'),
       (-666, 10274, 1001, now() - '1 day'::INTERVAL, '3', '{}'),
       (-666, 10275, 1001, now() - '1 day'::INTERVAL, '3', '{}'),
       (-666, 10276, 1001, now() - '1 day'::INTERVAL, '3', '{}'),
       (-666, 10277, 1001, now() - '1 day'::INTERVAL, '3', '{}'),
       (-666, 10278, 1001, now() - '1 day'::INTERVAL, '3', '{}'),
       (-666, 10279, 1001, now() - '1 day'::INTERVAL, '3', '{}'),
       (-666, 10280, 1001, now() - '1 day'::INTERVAL, '3', '{}'),
       (-666, 10281, 1001, now() - '1 day'::INTERVAL, '3', '{}'),
       (-666, 10282, 1001, now() - '1 day'::INTERVAL, '3', '{}'),
       (-666, 10283, 1001, now() - '1 day'::INTERVAL, '3', '{}'),
       (-666, 10284, 1001, now() - '1 day'::INTERVAL, '3', '{}'),
       (-666, 10285, 1001, now() - '1 day'::INTERVAL, '3', '{}'),
       (-666, 10286, 1001, now() - '1 day'::INTERVAL, '3', '{}'),
       (-666, 10287, 1001, now() - '1 day'::INTERVAL, '3', '{}'),
       (-666, 10288, 1001, now() - '1 day'::INTERVAL, '3', '{}'),
       (-666, 10289, 1001, now() - '1 day'::INTERVAL, '3', '{}'),
       (-666, 10290, 1001, now() - '1 day'::INTERVAL, '3', '{}'),
       (-666, 10291, 1001, now() - '1 day'::INTERVAL, '3', '{}'),
       (-666, 10292, 1001, now() - '1 day'::INTERVAL, '3', '{}'),
       (-666, 10293, 1001, now() - '1 day'::INTERVAL, '3', '{}'),
       (-666, 10294, 1001, now() - '1 day'::INTERVAL, '3', '{}'),
       (-666, 10295, 1001, now() - '1 day'::INTERVAL, '3', '{}'),
       (-666, 10296, 1001, now() - '1 day'::INTERVAL, '3', '{}'),
       (-666, 10297, 1001, now() - '1 day'::INTERVAL, '3', '{}'),
       (-666, 10298, 1001, now() - '1 day'::INTERVAL, '3', '{}'),
       (-666, 10299, 1001, now() - '1 day'::INTERVAL, '3', '{}'),

       -- to enforce false-negative appearance of 6
       (-666, 10300, 1001, now() - '1 day'::INTERVAL, '6', '{}'),
       (-666, 10301, 1001, now() - '1 day'::INTERVAL, '66', '{}'),
       (-666, 10302, 1001, now() - '1 day'::INTERVAL, '666', '{}'),
       (-666, 10303, 1001, now() - '1 day'::INTERVAL, '6666', '{}'),
       (-666, 10304, 1001, now() - '1 day'::INTERVAL, '66666', '{}'),
       (-666, 10305, 1001, now() - '1 day'::INTERVAL, '666666', '{}'),
       (-666, 10306, 1001, now() - '1 day'::INTERVAL, '6666666', '{}'),
       (-666, 10307, 1001, now() - '1 day'::INTERVAL, '66666666', '{}'),
       (-666, 10308, 1001, now() - '1 day'::INTERVAL, '6666666666', '{}'),
       (-666, 10309, 1001, now() - '1 day'::INTERVAL, '66666666666', '{}'),
       (-666, 10310, 1001, now() - '1 day'::INTERVAL, '666666666666', '{}'),
       (-666, 10311, 1001, now() - '1 day'::INTERVAL, '6666666666666', '{}'),
       (-666, 10312, 1001, now() - '1 day'::INTERVAL, '66666666666666', '{}'),
       (-666, 10313, 1001, now() - '1 day'::INTERVAL, '666666666666666', '{}'),
       (-666, 10314, 1001, now() - '1 day'::INTERVAL, '6666666666666666', '{}'),
       (-666, 10315, 1001, now() - '1 day'::INTERVAL, '66666666666666666', '{}'),
       (-666, 10316, 1001, now() - '1 day'::INTERVAL, '666666666666666666', '{}'),
       (-666, 10317, 1001, now() - '1 day'::INTERVAL, '6666666666666666666', '{}'),
       (-666, 10318, 1001, now() - '1 day'::INTERVAL, '66666666666666666666', '{}'),
       (-666, 10319, 1001, now() - '1 day'::INTERVAL, '666666666666666666666', '{}'),
       (-666, 10320, 1001, now() - '1 day'::INTERVAL, '6666666666666666666666', '{}'),
       (-666, 10321, 1001, now() - '1 day'::INTERVAL, '66666666666666666666666', '{}'),
       (-666, 10322, 1001, now() - '1 day'::INTERVAL, '666666666666666666666666', '{}'),
       (-666, 10323, 1001, now() - '1 day'::INTERVAL, '6666666666666666666666666', '{}'),
       (-666, 10324, 1001, now() - '1 day'::INTERVAL, '66666666666666666666666666', '{}'),
       (-666, 10325, 1001, now() - '1 day'::INTERVAL, '666666666666666666666666666', '{}'),
       (-666, 10326, 1001, now() - '1 day'::INTERVAL, '6666666666666666666666666666', '{}'),
       (-666, 10327, 1001, now() - '1 day'::INTERVAL, '66666666666666666666666666666', '{}'),
       (-666, 10328, 1001, now() - '1 day'::INTERVAL, '666666666666666666666666666666', '{}'),
       (-666, 10329, 1001, now() - '1 day'::INTERVAL, '6666666666666666666666666666666', '{}'),
       (-666, 10330, 1001, now() - '1 day'::INTERVAL, '6', '{}'),
       (-666, 10331, 1001, now() - '1 day'::INTERVAL, '6', '{}'),
       (-666, 10332, 1001, now() - '1 day'::INTERVAL, '6', '{}'),
       (-666, 10333, 1001, now() - '1 day'::INTERVAL, '6', '{}'),
       (-666, 10334, 1001, now() - '1 day'::INTERVAL, '6', '{}'),
       (-666, 10335, 1001, now() - '1 day'::INTERVAL, '6', '{}'),
       (-666, 10336, 1001, now() - '1 day'::INTERVAL, '6', '{}'),
       (-666, 10337, 1001, now() - '1 day'::INTERVAL, '6', '{}'),
       (-666, 10338, 1001, now() - '1 day'::INTERVAL, '6', '{}'),
       (-666, 10339, 1001, now() - '1 day'::INTERVAL, '6', '{}'),
       (-666, 10340, 1001, now() - '1 day'::INTERVAL, '6', '{}'),
       (-666, 10341, 1001, now() - '1 day'::INTERVAL, '6', '{}'),
       (-666, 10342, 1001, now() - '1 day'::INTERVAL, '6', '{}'),
       (-666, 10343, 1001, now() - '1 day'::INTERVAL, '6', '{}'),
       (-666, 10344, 1001, now() - '1 day'::INTERVAL, '6', '{}'),
       (-666, 10345, 1001, now() - '1 day'::INTERVAL, '6', '{}'),
       (-666, 10346, 1001, now() - '1 day'::INTERVAL, '6', '{}'),
       (-666, 10347, 1001, now() - '1 day'::INTERVAL, '6', '{}'),
       (-666, 10348, 1001, now() - '1 day'::INTERVAL, '6', '{}'),
       (-666, 10349, 1001, now() - '1 day'::INTERVAL, '6', '{}'),
       (-666, 10350, 1001, now() - '1 day'::INTERVAL, '6', '{}'),
       (-666, 10351, 1001, now() - '1 day'::INTERVAL, '6', '{}'),
       (-666, 10352, 1001, now() - '1 day'::INTERVAL, '6', '{}'),
       (-666, 10353, 1001, now() - '1 day'::INTERVAL, '6', '{}'),
       (-666, 10354, 1001, now() - '1 day'::INTERVAL, '6', '{}'),
       (-666, 10355, 1001, now() - '1 day'::INTERVAL, '6', '{}'),
       (-666, 10356, 1001, now() - '1 day'::INTERVAL, '6', '{}'),
       (-666, 10357, 1001, now() - '1 day'::INTERVAL, '6', '{}'),
       (-666, 10358, 1001, now() - '1 day'::INTERVAL, '6', '{}'),
       (-666, 10359, 1001, now() - '1 day'::INTERVAL, '6', '{}'),
       (-666, 10360, 1001, now() - '1 day'::INTERVAL, '6', '{}'),
       (-666, 10361, 1001, now() - '1 day'::INTERVAL, '6', '{}'),
       (-666, 10362, 1001, now() - '1 day'::INTERVAL, '6', '{}'),
       (-666, 10363, 1001, now() - '1 day'::INTERVAL, '6', '{}'),
       (-666, 10364, 1001, now() - '1 day'::INTERVAL, '6', '{}'),
       (-666, 10365, 1001, now() - '1 day'::INTERVAL, '6', '{}'),
       (-666, 10366, 1001, now() - '1 day'::INTERVAL, '6', '{}'),
       (-666, 10367, 1001, now() - '1 day'::INTERVAL, '6', '{}'),
       (-666, 10368, 1001, now() - '1 day'::INTERVAL, '6', '{}'),
       (-666, 10369, 1001, now() - '1 day'::INTERVAL, '6', '{}'),
       (-666, 10370, 1001, now() - '1 day'::INTERVAL, '6', '{}'),
       (-666, 10371, 1001, now() - '1 day'::INTERVAL, '6', '{}'),
       (-666, 10372, 1001, now() - '1 day'::INTERVAL, '6', '{}'),
       (-666, 10373, 1001, now() - '1 day'::INTERVAL, '6', '{}'),
       (-666, 10374, 1001, now() - '1 day'::INTERVAL, '6', '{}'),
       (-666, 10375, 1001, now() - '1 day'::INTERVAL, '6', '{}'),
       (-666, 10376, 1001, now() - '1 day'::INTERVAL, '6', '{}'),
       (-666, 10377, 1001, now() - '1 day'::INTERVAL, '6', '{}'),
       (-666, 10378, 1001, now() - '1 day'::INTERVAL, '6', '{}'),
       (-666, 10379, 1001, now() - '1 day'::INTERVAL, '6', '{}'),
       (-666, 10380, 1001, now() - '1 day'::INTERVAL, '6', '{}'),
       (-666, 10381, 1001, now() - '1 day'::INTERVAL, '6', '{}'),
       (-666, 10382, 1001, now() - '1 day'::INTERVAL, '6', '{}'),
       (-666, 10383, 1001, now() - '1 day'::INTERVAL, '6', '{}'),
       (-666, 10384, 1001, now() - '1 day'::INTERVAL, '6', '{}'),
       (-666, 10385, 1001, now() - '1 day'::INTERVAL, '6', '{}'),
       (-666, 10386, 1001, now() - '1 day'::INTERVAL, '6', '{}'),
       (-666, 10387, 1001, now() - '1 day'::INTERVAL, '6', '{}'),
       (-666, 10388, 1001, now() - '1 day'::INTERVAL, '6', '{}'),
       (-666, 10389, 1001, now() - '1 day'::INTERVAL, '6', '{}'),
       (-666, 10390, 1001, now() - '1 day'::INTERVAL, '6', '{}'),
       (-666, 10391, 1001, now() - '1 day'::INTERVAL, '6', '{}'),
       (-666, 10392, 1001, now() - '1 day'::INTERVAL, '6', '{}'),
       (-666, 10393, 1001, now() - '1 day'::INTERVAL, '6', '{}'),
       (-666, 10394, 1001, now() - '1 day'::INTERVAL, '6', '{}'),
       (-666, 10395, 1001, now() - '1 day'::INTERVAL, '6', '{}'),
       (-666, 10396, 1001, now() - '1 day'::INTERVAL, '6', '{}'),
       (-666, 10397, 1001, now() - '1 day'::INTERVAL, '6', '{}'),
       (-666, 10398, 1001, now() - '1 day'::INTERVAL, '6', '{}'),
       (-666, 10399, 1001, now() - '1 day'::INTERVAL, '6', '{}'),

       -- to enforce false-negative appearance of 7
       (-666, 10400, 1001, now() - '1 day'::INTERVAL, '7', '{}'),
       (-666, 10401, 1001, now() - '1 day'::INTERVAL, '77', '{}'),
       (-666, 10402, 1001, now() - '1 day'::INTERVAL, '7777', '{}'),
       (-666, 10403, 1001, now() - '1 day'::INTERVAL, '77777', '{}'),
       (-666, 10404, 1001, now() - '1 day'::INTERVAL, '777777', '{}'),
       (-666, 10405, 1001, now() - '1 day'::INTERVAL, '7777777', '{}'),
       (-666, 10406, 1001, now() - '1 day'::INTERVAL, '77777777', '{}'),
       (-666, 10407, 1001, now() - '1 day'::INTERVAL, '777777777', '{}'),
       (-666, 10408, 1001, now() - '1 day'::INTERVAL, '7777777777', '{}'),
       (-666, 10409, 1001, now() - '1 day'::INTERVAL, '77777777777', '{}'),
       (-666, 10410, 1001, now() - '1 day'::INTERVAL, '777777777777', '{}'),
       (-666, 10411, 1001, now() - '1 day'::INTERVAL, '7777777777777', '{}'),
       (-666, 10412, 1001, now() - '1 day'::INTERVAL, '777777777777777', '{}'),
       (-666, 10413, 1001, now() - '1 day'::INTERVAL, '7777777777777777', '{}'),
       (-666, 10414, 1001, now() - '1 day'::INTERVAL, '77777777777777777', '{}'),
       (-666, 10415, 1001, now() - '1 day'::INTERVAL, '777777777777777777', '{}'),
       (-666, 10416, 1001, now() - '1 day'::INTERVAL, '77777777777777777777', '{}'),
       (-666, 10417, 1001, now() - '1 day'::INTERVAL, '777777777777777777777', '{}'),
       (-666, 10418, 1001, now() - '1 day'::INTERVAL, '7777777777777777777777', '{}'),
       (-666, 10419, 1001, now() - '1 day'::INTERVAL, '77777777777777777777777', '{}'),
       (-666, 10420, 1001, now() - '1 day'::INTERVAL, '777777777777777777777777', '{}'),
       (-666, 10421, 1001, now() - '1 day'::INTERVAL, '7777777777777777777777777', '{}'),
       (-666, 10422, 1001, now() - '1 day'::INTERVAL, '77777777777777777777777777', '{}'),
       (-666, 10423, 1001, now() - '1 day'::INTERVAL, '777777777777777777777777777', '{}'),
       (-666, 10424, 1001, now() - '1 day'::INTERVAL, '7777777777777777777777777777', '{}'),
       (-666, 10425, 1001, now() - '1 day'::INTERVAL, '77777777777777777777777777777', '{}'),
       (-666, 10426, 1001, now() - '1 day'::INTERVAL, '777777777777777777777777777777', '{}'),
       (-666, 10427, 1001, now() - '1 day'::INTERVAL, '7777777777777777777777777777777', '{}'),
       (-666, 10428, 1001, now() - '1 day'::INTERVAL, '77777777777777777777777777777777', '{}'),
       (-666, 10429, 1001, now() - '1 day'::INTERVAL, '777777777777777777777777777777777', '{}'),
       (-666, 10430, 1001, now() - '1 day'::INTERVAL, '7', '{}'),
       (-666, 10431, 1001, now() - '1 day'::INTERVAL, '7', '{}'),
       (-666, 10432, 1001, now() - '1 day'::INTERVAL, '7', '{}'),
       (-666, 10433, 1001, now() - '1 day'::INTERVAL, '7', '{}'),
       (-666, 10434, 1001, now() - '1 day'::INTERVAL, '7', '{}'),
       (-666, 10435, 1001, now() - '1 day'::INTERVAL, '7', '{}'),
       (-666, 10436, 1001, now() - '1 day'::INTERVAL, '7', '{}'),
       (-666, 10437, 1001, now() - '1 day'::INTERVAL, '7', '{}'),
       (-666, 10438, 1001, now() - '1 day'::INTERVAL, '7', '{}'),
       (-666, 10439, 1001, now() - '1 day'::INTERVAL, '7', '{}'),
       (-666, 10440, 1001, now() - '1 day'::INTERVAL, '7', '{}'),
       (-666, 10441, 1001, now() - '1 day'::INTERVAL, '7', '{}'),
       (-666, 10442, 1001, now() - '1 day'::INTERVAL, '7', '{}'),
       (-666, 10443, 1001, now() - '1 day'::INTERVAL, '7', '{}'),
       (-666, 10444, 1001, now() - '1 day'::INTERVAL, '7', '{}'),
       (-666, 10445, 1001, now() - '1 day'::INTERVAL, '7', '{}'),
       (-666, 10446, 1001, now() - '1 day'::INTERVAL, '7', '{}'),
       (-666, 10447, 1001, now() - '1 day'::INTERVAL, '7', '{}'),
       (-666, 10448, 1001, now() - '1 day'::INTERVAL, '7', '{}'),
       (-666, 10449, 1001, now() - '1 day'::INTERVAL, '7', '{}'),
       (-666, 10450, 1001, now() - '1 day'::INTERVAL, '7', '{}'),
       (-666, 10451, 1001, now() - '1 day'::INTERVAL, '7', '{}'),
       (-666, 10452, 1001, now() - '1 day'::INTERVAL, '7', '{}'),
       (-666, 10453, 1001, now() - '1 day'::INTERVAL, '7', '{}'),
       (-666, 10454, 1001, now() - '1 day'::INTERVAL, '7', '{}'),
       (-666, 10455, 1001, now() - '1 day'::INTERVAL, '7', '{}'),
       (-666, 10456, 1001, now() - '1 day'::INTERVAL, '7', '{}'),
       (-666, 10457, 1001, now() - '1 day'::INTERVAL, '7', '{}'),
       (-666, 10458, 1001, now() - '1 day'::INTERVAL, '7', '{}'),
       (-666, 10459, 1001, now() - '1 day'::INTERVAL, '7', '{}'),
       (-666, 10460, 1001, now() - '1 day'::INTERVAL, '7', '{}'),
       (-666, 10461, 1001, now() - '1 day'::INTERVAL, '7', '{}'),
       (-666, 10462, 1001, now() - '1 day'::INTERVAL, '7', '{}'),
       (-666, 10463, 1001, now() - '1 day'::INTERVAL, '7', '{}'),
       (-666, 10464, 1001, now() - '1 day'::INTERVAL, '7', '{}'),
       (-666, 10465, 1001, now() - '1 day'::INTERVAL, '7', '{}'),
       (-666, 10466, 1001, now() - '1 day'::INTERVAL, '7', '{}'),
       (-666, 10467, 1001, now() - '1 day'::INTERVAL, '7', '{}'),
       (-666, 10468, 1001, now() - '1 day'::INTERVAL, '7', '{}'),
       (-666, 10469, 1001, now() - '1 day'::INTERVAL, '7', '{}'),
       (-666, 10470, 1001, now() - '1 day'::INTERVAL, '7', '{}'),
       (-666, 10471, 1001, now() - '1 day'::INTERVAL, '7', '{}'),
       (-666, 10472, 1001, now() - '1 day'::INTERVAL, '7', '{}'),
       (-666, 10473, 1001, now() - '1 day'::INTERVAL, '7', '{}'),
       (-666, 10474, 1001, now() - '1 day'::INTERVAL, '7', '{}'),
       (-666, 10475, 1001, now() - '1 day'::INTERVAL, '7', '{}'),
       (-666, 10476, 1001, now() - '1 day'::INTERVAL, '7', '{}'),
       (-666, 10477, 1001, now() - '1 day'::INTERVAL, '7', '{}'),
       (-666, 10478, 1001, now() - '1 day'::INTERVAL, '7', '{}'),
       (-666, 10479, 1001, now() - '1 day'::INTERVAL, '7', '{}'),
       (-666, 10480, 1001, now() - '1 day'::INTERVAL, '7', '{}'),
       (-666, 10481, 1001, now() - '1 day'::INTERVAL, '7', '{}'),
       (-666, 10482, 1001, now() - '1 day'::INTERVAL, '7', '{}'),
       (-666, 10483, 1001, now() - '1 day'::INTERVAL, '7', '{}'),
       (-666, 10484, 1001, now() - '1 day'::INTERVAL, '7', '{}'),
       (-666, 10485, 1001, now() - '1 day'::INTERVAL, '7', '{}'),
       (-666, 10486, 1001, now() - '1 day'::INTERVAL, '7', '{}'),
       (-666, 10487, 1001, now() - '1 day'::INTERVAL, '7', '{}'),
       (-666, 10488, 1001, now() - '1 day'::INTERVAL, '7', '{}'),
       (-666, 10489, 1001, now() - '1 day'::INTERVAL, '7', '{}'),
       (-666, 10490, 1001, now() - '1 day'::INTERVAL, '7', '{}'),
       (-666, 10491, 1001, now() - '1 day'::INTERVAL, '7', '{}'),
       (-666, 10492, 1001, now() - '1 day'::INTERVAL, '7', '{}'),
       (-666, 10493, 1001, now() - '1 day'::INTERVAL, '7', '{}'),
       (-666, 10494, 1001, now() - '1 day'::INTERVAL, '7', '{}'),
       (-666, 10495, 1001, now() - '1 day'::INTERVAL, '7', '{}'),
       (-666, 10496, 1001, now() - '1 day'::INTERVAL, '7', '{}'),
       (-666, 10497, 1001, now() - '1 day'::INTERVAL, '7', '{}'),
       (-666, 10498, 1001, now() - '1 day'::INTERVAL, '7', '{}'),
       (-666, 10499, 1001, now() - '1 day'::INTERVAL, '7', '{}');

INSERT INTO public.banned(id, message_id, message_text, banned_user_id, banned_at, banned_in_chat_id, banned_in_chat_username, banned_by)
VALUES (100001, 10001, 'a', 1001, now() - '1 day'::INTERVAL, -666, 'pro.hell', 34),
       (100002, 10008, 'a', 1004, now() - '1 day'::INTERVAL, -666, 'pro.hell', 69),
       (100003, 10009, '1', 1005, now() - '1 day'::INTERVAL, -666, 'pro.hell', 34),
       (100004, 10010, '2', 1006, now() - '1 day'::INTERVAL, -42, 'dotnetru', 69);

INSERT INTO public.false_positive_users(user_id)
VALUES (1001);

INSERT INTO public.false_positive_messages(text)
VALUES ('a');

INSERT INTO public.false_negative_messages(chat_id, message_id)
VALUES (-42, 10008),
       (-42, 10011),
       (-42, 10012),
       (-42, 10013),
       (-42, 10014),
       (-42, 10015),
       (-42, 10016),
       (-42, 10017),
       (-42, 10018),
       (-42, 10019),
       (-42, 10020),
       (-42, 10021),
       (-42, 10022),
       (-42, 10023),
       (-42, 10024),
       (-42, 10025),
       (-42, 10026),
       (-42, 10027),
       (-42, 10028),
       (-42, 10029),
       (-42, 10074),
       (-42, 10075),
       (-42, 10076),
       (-42, 10077),
       (-42, 10078),
       (-42, 10079),
       (-42, 10080),
       (-42, 10081),
       (-42, 10082),
       (-42, 10083),
       (-42, 10084),
       (-42, 10085),
       (-42, 10086),
       (-42, 10087),
       (-42, 10088),
       (-42, 10089),
       (-42, 10090),
       (-42, 10091),
       (-42, 10092),
       (-42, 10093),
       (-42, 10094),
       (-42, 10095),
       (-42, 10096),
       (-42, 10097),
       (-42, 10098),
       (-42, 10099),
       (-666, 10200),
       (-666, 10201),
       (-666, 10202),
       (-666, 10203),
       (-666, 10204),
       (-666, 10205),
       (-666, 10206),
       (-666, 10207),
       (-666, 10208),
       (-666, 10209),
       (-666, 10210),
       (-666, 10211),
       (-666, 10212),
       (-666, 10213),
       (-666, 10214),
       (-666, 10215),
       (-666, 10216),
       (-666, 10217),
       (-666, 10218),
       (-666, 10219),
       (-666, 10220),
       (-666, 10221),
       (-666, 10222),
       (-666, 10223),
       (-666, 10224),
       (-666, 10225),
       (-666, 10226),
       (-666, 10227),
       (-666, 10228),
       (-666, 10229),
       (-666, 10230),
       (-666, 10231),
       (-666, 10232),
       (-666, 10233),
       (-666, 10234),
       (-666, 10235),
       (-666, 10236),
       (-666, 10237),
       (-666, 10238),
       (-666, 10239),
       (-666, 10240),
       (-666, 10241),
       (-666, 10242),
       (-666, 10243),
       (-666, 10244),
       (-666, 10245),
       (-666, 10246),
       (-666, 10247),
       (-666, 10248),
       (-666, 10249),
       (-666, 10250),
       (-666, 10251),
       (-666, 10252),
       (-666, 10253),
       (-666, 10254),
       (-666, 10255),
       (-666, 10256),
       (-666, 10257),
       (-666, 10258),
       (-666, 10259),
       (-666, 10260),
       (-666, 10261),
       (-666, 10262),
       (-666, 10263),
       (-666, 10264),
       (-666, 10265),
       (-666, 10266),
       (-666, 10267),
       (-666, 10268),
       (-666, 10269),
       (-666, 10270),
       (-666, 10271),
       (-666, 10272),
       (-666, 10273),
       (-666, 10274),
       (-666, 10275),
       (-666, 10276),
       (-666, 10277),
       (-666, 10278),
       (-666, 10279),
       (-666, 10280),
       (-666, 10281),
       (-666, 10282),
       (-666, 10283),
       (-666, 10284),
       (-666, 10285),
       (-666, 10286),
       (-666, 10287),
       (-666, 10288),
       (-666, 10289),
       (-666, 10290),
       (-666, 10291),
       (-666, 10292),
       (-666, 10293),
       (-666, 10294),
       (-666, 10295),
       (-666, 10296),
       (-666, 10297),
       (-666, 10298),
       (-666, 10299),
       (-666, 10300),
       (-666, 10301),
       (-666, 10302),
       (-666, 10303),
       (-666, 10304),
       (-666, 10305),
       (-666, 10306),
       (-666, 10307),
       (-666, 10308),
       (-666, 10309),
       (-666, 10310),
       (-666, 10311),
       (-666, 10312),
       (-666, 10313),
       (-666, 10314),
       (-666, 10315),
       (-666, 10316),
       (-666, 10317),
       (-666, 10318),
       (-666, 10319),
       (-666, 10320),
       (-666, 10321),
       (-666, 10322),
       (-666, 10323),
       (-666, 10324),
       (-666, 10325),
       (-666, 10326),
       (-666, 10327),
       (-666, 10328),
       (-666, 10329),
       (-666, 10330),
       (-666, 10331),
       (-666, 10332),
       (-666, 10333),
       (-666, 10334),
       (-666, 10335),
       (-666, 10336),
       (-666, 10337),
       (-666, 10338),
       (-666, 10339),
       (-666, 10340),
       (-666, 10341),
       (-666, 10342),
       (-666, 10343),
       (-666, 10344),
       (-666, 10345),
       (-666, 10346),
       (-666, 10347),
       (-666, 10348),
       (-666, 10349),
       (-666, 10350),
       (-666, 10351),
       (-666, 10352),
       (-666, 10353),
       (-666, 10354),
       (-666, 10355),
       (-666, 10356),
       (-666, 10357),
       (-666, 10358),
       (-666, 10359),
       (-666, 10360),
       (-666, 10361),
       (-666, 10362),
       (-666, 10363),
       (-666, 10364),
       (-666, 10365),
       (-666, 10366),
       (-666, 10367),
       (-666, 10368),
       (-666, 10369),
       (-666, 10370),
       (-666, 10371),
       (-666, 10372),
       (-666, 10373),
       (-666, 10374),
       (-666, 10375),
       (-666, 10376),
       (-666, 10377),
       (-666, 10378),
       (-666, 10379),
       (-666, 10380),
       (-666, 10381),
       (-666, 10382),
       (-666, 10383),
       (-666, 10384),
       (-666, 10385),
       (-666, 10386),
       (-666, 10387),
       (-666, 10388),
       (-666, 10389),
       (-666, 10390),
       (-666, 10391),
       (-666, 10392),
       (-666, 10393),
       (-666, 10394),
       (-666, 10395),
       (-666, 10396),
       (-666, 10397),
       (-666, 10398),
       (-666, 10399),
       (-666, 10400),
       (-666, 10401),
       (-666, 10402),
       (-666, 10403),
       (-666, 10404),
       (-666, 10405),
       (-666, 10406),
       (-666, 10407),
       (-666, 10408),
       (-666, 10409),
       (-666, 10410),
       (-666, 10411),
       (-666, 10412),
       (-666, 10413),
       (-666, 10414),
       (-666, 10415),
       (-666, 10416),
       (-666, 10417),
       (-666, 10418),
       (-666, 10419),
       (-666, 10420),
       (-666, 10421),
       (-666, 10422),
       (-666, 10423),
       (-666, 10424),
       (-666, 10425),
       (-666, 10426),
       (-666, 10427),
       (-666, 10428),
       (-666, 10429),
       (-666, 10430),
       (-666, 10431),
       (-666, 10432),
       (-666, 10433),
       (-666, 10434),
       (-666, 10435),
       (-666, 10436),
       (-666, 10437),
       (-666, 10438),
       (-666, 10439),
       (-666, 10440),
       (-666, 10441),
       (-666, 10442),
       (-666, 10443),
       (-666, 10444),
       (-666, 10445),
       (-666, 10446),
       (-666, 10447),
       (-666, 10448),
       (-666, 10449),
       (-666, 10450),
       (-666, 10451),
       (-666, 10452),
       (-666, 10453),
       (-666, 10454),
       (-666, 10455),
       (-666, 10456),
       (-666, 10457),
       (-666, 10458),
       (-666, 10459),
       (-666, 10460),
       (-666, 10461),
       (-666, 10462),
       (-666, 10463),
       (-666, 10464),
       (-666, 10465),
       (-666, 10466),
       (-666, 10467),
       (-666, 10468),
       (-666, 10469),
       (-666, 10470),
       (-666, 10471),
       (-666, 10472),
       (-666, 10473),
       (-666, 10474),
       (-666, 10475),
       (-666, 10476),
       (-666, 10477),
       (-666, 10478),
       (-666, 10479),
       (-666, 10480),
       (-666, 10481),
       (-666, 10482),
       (-666, 10483),
       (-666, 10484),
       (-666, 10485),
       (-666, 10486),
       (-666, 10487),
       (-666, 10488),
       (-666, 10489),
       (-666, 10490),
       (-666, 10491),
       (-666, 10492),
       (-666, 10493),
       (-666, 10494),
       (-666, 10495),
       (-666, 10496),
       (-666, 10497),
       (-666, 10498),
       (-666, 10499);