INSERT INTO public."user"(id, username, banned_by, banned_at, ban_reason)
VALUES (34, 'vahter_1', NULL, NULL, NULL),
       (69, 'vahter_2', NULL, NULL, NULL);

-- insert some fake data for ML training
INSERT INTO public."user"(id, username, banned_by, banned_at, ban_reason)
VALUES (1, 'a', NULL, NULL, NULL),
       (2, 'b', NULL, NULL, NULL),
       (3, 'c', NULL, NULL, NULL),
       (4, 'd', NULL, NULL, NULL),
       (5, 'e', NULL, NULL, NULL),
       (6, 'f', NULL, NULL, NULL),
       (7, 'g', NULL, NULL, NULL),
       (8, 'h', NULL, NULL, NULL),
       (9, 'i', NULL, NULL, NULL),
       (10, 'j', NULL, NULL, NULL);

INSERT INTO public.message(chat_id, message_id, user_id, created_at, text, raw_message)
VALUES (-666, 1, 1, '2021-01-01 00:00:00', 'a', '{}'), -- false positive user banned
       (-666, 2, 1, '2021-01-01 00:00:01', 'a', '{}'),
       (-666, 3, 1, '2021-01-01 00:00:02', 'a', '{}'),
       (-666, 4, 2, '2021-01-01 00:00:03', 'a', '{}'),
       (-666, 5, 2, '2021-01-01 00:00:04', 'a', '{}'),
       (-666, 6, 3, '2021-01-01 00:00:05', 'a', '{}'),
       (-666, 7, 3, '2021-01-01 00:00:06', 'a', '{}'),
       (-666, 8, 4, '2021-01-01 00:00:07', 'a', '{}'), -- false positive message banned
       (-666, 9, 5, '2021-01-01 00:00:08', '1', '{}'),
       (-666, 10, 5, '2021-01-01 00:00:09', '1', '{}'),
       (-42, 1, 1, '2021-01-01 00:00:00', 'a', '{}'),
       (-42, 2, 1, '2021-01-01 00:00:01', 'a', '{}'),
       (-42, 3, 1, '2021-01-01 00:00:02', 'a', '{}'),
       (-42, 4, 2, '2021-01-01 00:00:03', 'a', '{}'),
       (-42, 5, 2, '2021-01-01 00:00:04', 'a', '{}'),
       (-42, 6, 3, '2021-01-01 00:00:05', 'a', '{}'),
       (-42, 7, 3, '2021-01-01 00:00:06', 'a', '{}'),
       (-42, 8, 4, '2021-01-01 00:00:07', '3', '{}'),  -- false negative
       (-42, 9, 6, '2021-01-01 00:00:08', '1', '{}'),

       -- to prevent small sample size, we'll copy the next line 100 times
       -- this is spam
       (-42, 10, 6, '2021-01-01 00:00:09', '1', '{}'),
       (-42, 11, 6, '2021-01-01 00:00:09', '1', '{}'),
       (-42, 12, 6, '2021-01-01 00:00:09', '1', '{}'),
       (-42, 13, 6, '2021-01-01 00:00:09', '1', '{}'),
       (-42, 14, 6, '2021-01-01 00:00:09', '1', '{}'),
       (-42, 15, 6, '2021-01-01 00:00:09', '1', '{}'),
       (-42, 16, 6, '2021-01-01 00:00:09', '1', '{}'),
       (-42, 17, 6, '2021-01-01 00:00:09', '1', '{}'),
       (-42, 18, 6, '2021-01-01 00:00:09', '1', '{}'),
       (-42, 19, 6, '2021-01-01 00:00:09', '1', '{}'),
       (-42, 20, 6, '2021-01-01 00:00:09', '1', '{}'),
       (-42, 21, 6, '2021-01-01 00:00:09', '1', '{}'),
       (-42, 22, 6, '2021-01-01 00:00:09', '1', '{}'),
       (-42, 23, 6, '2021-01-01 00:00:09', '1', '{}'),
       (-42, 24, 6, '2021-01-01 00:00:09', '1', '{}'),
       (-42, 25, 6, '2021-01-01 00:00:09', '1', '{}'),
       (-42, 26, 6, '2021-01-01 00:00:09', '1', '{}'),
       (-42, 27, 6, '2021-01-01 00:00:09', '1', '{}'),
       (-42, 28, 6, '2021-01-01 00:00:09', '1', '{}'),
       (-42, 29, 6, '2021-01-01 00:00:09', '1', '{}'),
       (-42, 30, 6, '2021-01-01 00:00:09', '1', '{}'),
       (-42, 31, 6, '2021-01-01 00:00:09', '1', '{}'),
       (-42, 32, 6, '2021-01-01 00:00:09', '1', '{}'),
       (-42, 33, 6, '2021-01-01 00:00:09', '1', '{}'),
       (-42, 34, 6, '2021-01-01 00:00:09', '1', '{}'),
       (-42, 35, 6, '2021-01-01 00:00:09', '1', '{}'),
       (-42, 36, 6, '2021-01-01 00:00:09', '1', '{}'),
       (-42, 37, 6, '2021-01-01 00:00:09', '1', '{}'),
       (-42, 38, 6, '2021-01-01 00:00:09', '1', '{}'),
       (-42, 39, 6, '2021-01-01 00:00:09', '1', '{}'),
       (-42, 40, 6, '2021-01-01 00:00:09', '1', '{}'),
       (-42, 41, 6, '2021-01-01 00:00:09', '1', '{}'),
       (-42, 42, 6, '2021-01-01 00:00:09', '1', '{}'),
       (-42, 43, 6, '2021-01-01 00:00:09', '1', '{}'),
       (-42, 44, 6, '2021-01-01 00:00:09', '1', '{}'),
       (-42, 45, 6, '2021-01-01 00:00:09', '1', '{}'),
       (-42, 46, 6, '2021-01-01 00:00:09', '1', '{}'),
       (-42, 47, 6, '2021-01-01 00:00:09', '1', '{}'),
       (-42, 48, 6, '2021-01-01 00:00:09', '1', '{}'),
       (-42, 49, 6, '2021-01-01 00:00:09', '1', '{}'),
       (-42, 50, 6, '2021-01-01 00:00:09', '1', '{}'),
       (-42, 51, 6, '2021-01-01 00:00:09', '1', '{}'),
       (-42, 52, 6, '2021-01-01 00:00:09', '1', '{}'),
       (-42, 53, 6, '2021-01-01 00:00:09', '1', '{}'),
       (-42, 54, 6, '2021-01-01 00:00:09', '1', '{}'),
       (-42, 55, 6, '2021-01-01 00:00:09', '1', '{}'),
       (-42, 56, 6, '2021-01-01 00:00:09', '1', '{}'),
       (-42, 57, 6, '2021-01-01 00:00:09', '1', '{}'),
       (-42, 58, 6, '2021-01-01 00:00:09', '1', '{}'),
       (-42, 59, 6, '2021-01-01 00:00:09', '1', '{}'),
       (-42, 60, 6, '2021-01-01 00:00:09', '1', '{}'),
       (-42, 61, 6, '2021-01-01 00:00:09', '1', '{}'),
       (-42, 62, 6, '2021-01-01 00:00:09', '1', '{}'),
       (-42, 63, 6, '2021-01-01 00:00:09', '1', '{}'),
       (-42, 64, 6, '2021-01-01 00:00:09', '1', '{}'),
       (-42, 65, 6, '2021-01-01 00:00:09', '1', '{}'),
       (-42, 66, 6, '2021-01-01 00:00:09', '1', '{}'),
       (-42, 67, 6, '2021-01-01 00:00:09', '1', '{}'),
       (-42, 68, 6, '2021-01-01 00:00:09', '1', '{}'),
       (-42, 69, 6, '2021-01-01 00:00:09', '1', '{}'),
       (-42, 70, 6, '2021-01-01 00:00:09', '1', '{}'),
       (-42, 71, 6, '2021-01-01 00:00:09', '1', '{}'),
       (-42, 72, 6, '2021-01-01 00:00:09', '1', '{}'),
       (-42, 73, 6, '2021-01-01 00:00:09', '2', '{}'),
       (-42, 74, 6, '2021-01-01 00:00:09', '2', '{}'),
       (-42, 75, 6, '2021-01-01 00:00:09', '2', '{}'),
       (-42, 76, 6, '2021-01-01 00:00:09', '2', '{}'),
       (-42, 77, 6, '2021-01-01 00:00:09', '2', '{}'),
       (-42, 78, 6, '2021-01-01 00:00:09', '2', '{}'),
       (-42, 79, 6, '2021-01-01 00:00:09', '2', '{}'),
       (-42, 80, 6, '2021-01-01 00:00:09', '2', '{}'),
       (-42, 81, 6, '2021-01-01 00:00:09', '2', '{}'),
       (-42, 82, 6, '2021-01-01 00:00:09', '2', '{}'),
       (-42, 83, 6, '2021-01-01 00:00:09', '2', '{}'),
       (-42, 84, 6, '2021-01-01 00:00:09', '2', '{}'),
       (-42, 85, 6, '2021-01-01 00:00:09', '2', '{}'),
       (-42, 86, 6, '2021-01-01 00:00:09', '2', '{}'),
       (-42, 87, 6, '2021-01-01 00:00:09', '2', '{}'),
       (-42, 88, 6, '2021-01-01 00:00:09', '2', '{}'),
       (-42, 89, 6, '2021-01-01 00:00:09', '2', '{}'),
       (-42, 90, 6, '2021-01-01 00:00:09', '2', '{}'),
       (-42, 91, 6, '2021-01-01 00:00:09', '2', '{}'),
       (-42, 92, 6, '2021-01-01 00:00:09', '2', '{}'),
       (-42, 93, 6, '2021-01-01 00:00:09', '2', '{}'),
       (-42, 94, 6, '2021-01-01 00:00:09', '2', '{}'),
       (-42, 95, 6, '2021-01-01 00:00:09', '2', '{}'),
       (-42, 96, 6, '2021-01-01 00:00:09', '2', '{}'),
       (-42, 97, 6, '2021-01-01 00:00:09', '2', '{}'),
       (-42, 98, 6, '2021-01-01 00:00:09', '2', '{}'),
       (-42, 99, 6, '2021-01-01 00:00:09', '2', '{}'),
       -- this is not spam
       (-666, 100, 1, '2021-01-01 00:00:01', 'a', '{}'),
       (-666, 101, 1, '2021-01-01 00:00:01', 'a', '{}'),
       (-666, 102, 1, '2021-01-01 00:00:01', 'a', '{}'),
       (-666, 103, 1, '2021-01-01 00:00:01', 'a', '{}'),
       (-666, 104, 1, '2021-01-01 00:00:01', 'a', '{}'),
       (-666, 105, 1, '2021-01-01 00:00:01', 'a', '{}'),
       (-666, 106, 1, '2021-01-01 00:00:01', 'a', '{}'),
       (-666, 107, 1, '2021-01-01 00:00:01', 'a', '{}'),
       (-666, 108, 1, '2021-01-01 00:00:01', 'a', '{}'),
       (-666, 109, 1, '2021-01-01 00:00:01', 'a', '{}'),
       (-666, 110, 1, '2021-01-01 00:00:01', 'a', '{}'),
       (-666, 111, 1, '2021-01-01 00:00:01', 'a', '{}'),
       (-666, 112, 1, '2021-01-01 00:00:01', 'a', '{}'),
       (-666, 113, 1, '2021-01-01 00:00:01', 'a', '{}'),
       (-666, 114, 1, '2021-01-01 00:00:01', 'a', '{}'),
       (-666, 115, 1, '2021-01-01 00:00:01', 'a', '{}'),
       (-666, 116, 1, '2021-01-01 00:00:01', 'a', '{}'),
       (-666, 117, 1, '2021-01-01 00:00:01', 'a', '{}'),
       (-666, 118, 1, '2021-01-01 00:00:01', 'a', '{}'),
       (-666, 119, 1, '2021-01-01 00:00:01', 'a', '{}'),
       (-666, 120, 1, '2021-01-01 00:00:01', 'a', '{}'),
       (-666, 121, 1, '2021-01-01 00:00:01', 'a', '{}'),
       (-666, 122, 1, '2021-01-01 00:00:01', 'a', '{}'),
       (-666, 123, 1, '2021-01-01 00:00:01', 'a', '{}'),
       (-666, 124, 1, '2021-01-01 00:00:01', 'a', '{}'),
       (-666, 125, 1, '2021-01-01 00:00:01', 'a', '{}'),
       (-666, 126, 1, '2021-01-01 00:00:01', 'a', '{}'),
       (-666, 127, 1, '2021-01-01 00:00:01', 'a', '{}'),
       (-666, 128, 1, '2021-01-01 00:00:01', 'a', '{}'),
       (-666, 129, 1, '2021-01-01 00:00:01', 'a', '{}'),
       (-666, 130, 1, '2021-01-01 00:00:01', 'a', '{}'),
       (-666, 131, 1, '2021-01-01 00:00:01', 'a', '{}'),
       (-666, 132, 1, '2021-01-01 00:00:01', 'a', '{}'),
       (-666, 133, 1, '2021-01-01 00:00:01', 'a', '{}'),
       (-666, 134, 1, '2021-01-01 00:00:01', 'a', '{}'),
       (-666, 135, 1, '2021-01-01 00:00:01', 'a', '{}'),
       (-666, 136, 1, '2021-01-01 00:00:01', 'a', '{}'),
       (-666, 137, 1, '2021-01-01 00:00:01', 'a', '{}'),
       (-666, 138, 1, '2021-01-01 00:00:01', 'a', '{}'),
       (-666, 139, 1, '2021-01-01 00:00:01', 'a', '{}'),
       (-666, 140, 1, '2021-01-01 00:00:01', 'a', '{}'),
       (-666, 141, 1, '2021-01-01 00:00:01', 'a', '{}'),
       (-666, 142, 1, '2021-01-01 00:00:01', 'a', '{}'),
       (-666, 143, 1, '2021-01-01 00:00:01', 'a', '{}'),
       (-666, 144, 1, '2021-01-01 00:00:01', 'a', '{}'),
       (-666, 145, 1, '2021-01-01 00:00:01', 'a', '{}'),
       (-666, 146, 1, '2021-01-01 00:00:01', 'a', '{}'),
       (-666, 147, 1, '2021-01-01 00:00:01', 'a', '{}'),
       (-666, 148, 1, '2021-01-01 00:00:01', 'a', '{}'),
       (-666, 149, 1, '2021-01-01 00:00:01', 'a', '{}'),
       (-666, 150, 1, '2021-01-01 00:00:01', 'a', '{}'),
       (-666, 151, 1, '2021-01-01 00:00:01', 'a', '{}'),
       (-666, 152, 1, '2021-01-01 00:00:01', 'a', '{}'),
       (-666, 153, 1, '2021-01-01 00:00:01', 'a', '{}'),
       (-666, 154, 1, '2021-01-01 00:00:01', 'a', '{}'),
       (-666, 155, 1, '2021-01-01 00:00:01', 'a', '{}'),
       (-666, 156, 1, '2021-01-01 00:00:01', 'a', '{}'),
       (-666, 157, 1, '2021-01-01 00:00:01', 'a', '{}'),
       (-666, 158, 1, '2021-01-01 00:00:01', 'a', '{}'),
       (-666, 159, 1, '2021-01-01 00:00:01', 'a', '{}'),
       (-666, 160, 1, '2021-01-01 00:00:01', 'a', '{}'),
       (-666, 161, 1, '2021-01-01 00:00:01', 'a', '{}'),
       (-666, 162, 1, '2021-01-01 00:00:01', 'a', '{}'),
       (-666, 163, 1, '2021-01-01 00:00:01', 'a', '{}'),
       (-666, 164, 1, '2021-01-01 00:00:01', 'a', '{}'),
       (-666, 165, 1, '2021-01-01 00:00:01', 'a', '{}'),
       (-666, 166, 1, '2021-01-01 00:00:01', 'a', '{}'),
       (-666, 167, 1, '2021-01-01 00:00:01', 'a', '{}'),
       (-666, 168, 1, '2021-01-01 00:00:01', 'a', '{}'),
       (-666, 169, 1, '2021-01-01 00:00:01', 'a', '{}'),
       (-666, 170, 1, '2021-01-01 00:00:01', 'a', '{}'),
       (-666, 171, 1, '2021-01-01 00:00:01', 'a', '{}'),
       (-666, 172, 1, '2021-01-01 00:00:01', 'a', '{}'),
       (-666, 173, 1, '2021-01-01 00:00:01', 'a', '{}'),
       (-666, 174, 1, '2021-01-01 00:00:01', 'a', '{}'),
       (-666, 175, 1, '2021-01-01 00:00:01', 'a', '{}'),
       (-666, 176, 1, '2021-01-01 00:00:01', 'a', '{}'),
       (-666, 177, 1, '2021-01-01 00:00:01', 'a', '{}'),
       (-666, 178, 1, '2021-01-01 00:00:01', 'a', '{}'),
       (-666, 179, 1, '2021-01-01 00:00:01', 'a', '{}'),
       (-666, 180, 1, '2021-01-01 00:00:01', 'a', '{}'),
       (-666, 181, 1, '2021-01-01 00:00:01', 'a', '{}'),
       (-666, 182, 1, '2021-01-01 00:00:01', 'a', '{}'),
       (-666, 183, 1, '2021-01-01 00:00:01', 'a', '{}'),
       (-666, 184, 1, '2021-01-01 00:00:01', 'a', '{}'),
       (-666, 185, 1, '2021-01-01 00:00:01', 'a', '{}'),
       (-666, 186, 1, '2021-01-01 00:00:01', 'a', '{}'),
       (-666, 187, 1, '2021-01-01 00:00:01', 'a', '{}'),
       (-666, 188, 1, '2021-01-01 00:00:01', 'a', '{}'),
       (-666, 189, 1, '2021-01-01 00:00:01', 'a', '{}'),
       (-666, 190, 1, '2021-01-01 00:00:01', 'a', '{}'),
       (-666, 191, 1, '2021-01-01 00:00:01', 'a', '{}'),
       (-666, 192, 1, '2021-01-01 00:00:01', 'a', '{}'),
       (-666, 193, 1, '2021-01-01 00:00:01', 'a', '{}'),
       (-666, 194, 1, '2021-01-01 00:00:01', 'a', '{}'),
       (-666, 195, 1, '2021-01-01 00:00:01', 'a', '{}'),
       (-666, 196, 1, '2021-01-01 00:00:01', 'a', '{}'),
       (-666, 197, 1, '2021-01-01 00:00:01', 'a', '{}'),
       (-666, 198, 1, '2021-01-01 00:00:01', 'a', '{}'),
       (-666, 199, 1, '2021-01-01 00:00:01', 'a', '{}'),

       -- to enforce false-negative appearance
       (-666, 200, 1, '2021-01-01 00:00:01', '3', '{}'),
       (-666, 201, 1, '2021-01-01 00:00:01', '3', '{}'),
       (-666, 202, 1, '2021-01-01 00:00:01', '3', '{}'),
       (-666, 203, 1, '2021-01-01 00:00:01', '3', '{}'),
       (-666, 204, 1, '2021-01-01 00:00:01', '3', '{}'),
       (-666, 205, 1, '2021-01-01 00:00:01', '3', '{}'),
       (-666, 206, 1, '2021-01-01 00:00:01', '3', '{}'),
       (-666, 207, 1, '2021-01-01 00:00:01', '3', '{}'),
       (-666, 208, 1, '2021-01-01 00:00:01', '3', '{}'),
       (-666, 209, 1, '2021-01-01 00:00:01', '3', '{}'),
       (-666, 210, 1, '2021-01-01 00:00:01', '3', '{}'),
       (-666, 211, 1, '2021-01-01 00:00:01', '3', '{}'),
       (-666, 212, 1, '2021-01-01 00:00:01', '3', '{}'),
       (-666, 213, 1, '2021-01-01 00:00:01', '3', '{}'),
       (-666, 214, 1, '2021-01-01 00:00:01', '3', '{}'),
       (-666, 215, 1, '2021-01-01 00:00:01', '3', '{}'),
       (-666, 216, 1, '2021-01-01 00:00:01', '3', '{}'),
       (-666, 217, 1, '2021-01-01 00:00:01', '3', '{}'),
       (-666, 218, 1, '2021-01-01 00:00:01', '3', '{}'),
       (-666, 219, 1, '2021-01-01 00:00:01', '3', '{}'),
       (-666, 220, 1, '2021-01-01 00:00:01', '3', '{}'),
       (-666, 221, 1, '2021-01-01 00:00:01', '3', '{}'),
       (-666, 222, 1, '2021-01-01 00:00:01', '3', '{}'),
       (-666, 223, 1, '2021-01-01 00:00:01', '3', '{}'),
       (-666, 224, 1, '2021-01-01 00:00:01', '3', '{}'),
       (-666, 225, 1, '2021-01-01 00:00:01', '3', '{}'),
       (-666, 226, 1, '2021-01-01 00:00:01', '3', '{}'),
       (-666, 227, 1, '2021-01-01 00:00:01', '3', '{}'),
       (-666, 228, 1, '2021-01-01 00:00:01', '3', '{}'),
       (-666, 229, 1, '2021-01-01 00:00:01', '3', '{}'),
       (-666, 230, 1, '2021-01-01 00:00:01', '3', '{}'),
       (-666, 231, 1, '2021-01-01 00:00:01', '3', '{}'),
       (-666, 232, 1, '2021-01-01 00:00:01', '3', '{}'),
       (-666, 233, 1, '2021-01-01 00:00:01', '3', '{}'),
       (-666, 234, 1, '2021-01-01 00:00:01', '3', '{}'),
       (-666, 235, 1, '2021-01-01 00:00:01', '3', '{}'),
       (-666, 236, 1, '2021-01-01 00:00:01', '3', '{}'),
       (-666, 237, 1, '2021-01-01 00:00:01', '3', '{}'),
       (-666, 238, 1, '2021-01-01 00:00:01', '3', '{}'),
       (-666, 239, 1, '2021-01-01 00:00:01', '3', '{}'),
       (-666, 240, 1, '2021-01-01 00:00:01', '3', '{}'),
       (-666, 241, 1, '2021-01-01 00:00:01', '3', '{}'),
       (-666, 242, 1, '2021-01-01 00:00:01', '3', '{}'),
       (-666, 243, 1, '2021-01-01 00:00:01', '3', '{}'),
       (-666, 244, 1, '2021-01-01 00:00:01', '3', '{}'),
       (-666, 245, 1, '2021-01-01 00:00:01', '3', '{}'),
       (-666, 246, 1, '2021-01-01 00:00:01', '3', '{}'),
       (-666, 247, 1, '2021-01-01 00:00:01', '3', '{}'),
       (-666, 248, 1, '2021-01-01 00:00:01', '3', '{}'),
       (-666, 249, 1, '2021-01-01 00:00:01', '3', '{}'),
       (-666, 250, 1, '2021-01-01 00:00:01', '3', '{}'),
       (-666, 251, 1, '2021-01-01 00:00:01', '3', '{}'),
       (-666, 252, 1, '2021-01-01 00:00:01', '3', '{}'),
       (-666, 253, 1, '2021-01-01 00:00:01', '3', '{}'),
       (-666, 254, 1, '2021-01-01 00:00:01', '3', '{}'),
       (-666, 255, 1, '2021-01-01 00:00:01', '3', '{}'),
       (-666, 256, 1, '2021-01-01 00:00:01', '3', '{}'),
       (-666, 257, 1, '2021-01-01 00:00:01', '3', '{}'),
       (-666, 258, 1, '2021-01-01 00:00:01', '3', '{}'),
       (-666, 259, 1, '2021-01-01 00:00:01', '3', '{}'),
       (-666, 260, 1, '2021-01-01 00:00:01', '3', '{}'),
       (-666, 261, 1, '2021-01-01 00:00:01', '3', '{}'),
       (-666, 262, 1, '2021-01-01 00:00:01', '3', '{}'),
       (-666, 263, 1, '2021-01-01 00:00:01', '3', '{}'),
       (-666, 264, 1, '2021-01-01 00:00:01', '3', '{}'),
       (-666, 265, 1, '2021-01-01 00:00:01', '3', '{}'),
       (-666, 266, 1, '2021-01-01 00:00:01', '3', '{}'),
       (-666, 267, 1, '2021-01-01 00:00:01', '3', '{}'),
       (-666, 268, 1, '2021-01-01 00:00:01', '3', '{}'),
       (-666, 269, 1, '2021-01-01 00:00:01', '3', '{}'),
       (-666, 270, 1, '2021-01-01 00:00:01', '3', '{}'),
       (-666, 271, 1, '2021-01-01 00:00:01', '3', '{}'),
       (-666, 272, 1, '2021-01-01 00:00:01', '3', '{}'),
       (-666, 273, 1, '2021-01-01 00:00:01', '3', '{}'),
       (-666, 274, 1, '2021-01-01 00:00:01', '3', '{}'),
       (-666, 275, 1, '2021-01-01 00:00:01', '3', '{}'),
       (-666, 276, 1, '2021-01-01 00:00:01', '3', '{}'),
       (-666, 277, 1, '2021-01-01 00:00:01', '3', '{}'),
       (-666, 278, 1, '2021-01-01 00:00:01', '3', '{}'),
       (-666, 279, 1, '2021-01-01 00:00:01', '3', '{}'),
       (-666, 280, 1, '2021-01-01 00:00:01', '3', '{}'),
       (-666, 281, 1, '2021-01-01 00:00:01', '3', '{}'),
       (-666, 282, 1, '2021-01-01 00:00:01', '3', '{}'),
       (-666, 283, 1, '2021-01-01 00:00:01', '3', '{}'),
       (-666, 284, 1, '2021-01-01 00:00:01', '3', '{}'),
       (-666, 285, 1, '2021-01-01 00:00:01', '3', '{}'),
       (-666, 286, 1, '2021-01-01 00:00:01', '3', '{}'),
       (-666, 287, 1, '2021-01-01 00:00:01', '3', '{}'),
       (-666, 288, 1, '2021-01-01 00:00:01', '3', '{}'),
       (-666, 289, 1, '2021-01-01 00:00:01', '3', '{}'),
       (-666, 290, 1, '2021-01-01 00:00:01', '3', '{}'),
       (-666, 291, 1, '2021-01-01 00:00:01', '3', '{}'),
       (-666, 292, 1, '2021-01-01 00:00:01', '3', '{}'),
       (-666, 293, 1, '2021-01-01 00:00:01', '3', '{}'),
       (-666, 294, 1, '2021-01-01 00:00:01', '3', '{}'),
       (-666, 295, 1, '2021-01-01 00:00:01', '3', '{}'),
       (-666, 296, 1, '2021-01-01 00:00:01', '3', '{}'),
       (-666, 297, 1, '2021-01-01 00:00:01', '3', '{}'),
       (-666, 298, 1, '2021-01-01 00:00:01', '3', '{}'),
       (-666, 299, 1, '2021-01-01 00:00:01', '3', '{}');

INSERT INTO public.banned(id, message_id, message_text, banned_user_id, banned_at, banned_in_chat_id, banned_in_chat_username, banned_by)
VALUES (1, 1, 'a', 1, '2021-01-01 00:00:00', -666, 'pro.hell', 34),
       (2, 8, 'a', 4, '2021-01-01 00:00:07', -666, 'pro.hell', 69),
       (3, 9, '1', 5, '2021-01-01 00:00:08', -666, 'pro.hell', 34),
       (4, 10, '2', 6, '2021-01-01 00:00:09', -42, 'dotnetru', 69);

INSERT INTO public.false_positive_users(user_id)
VALUES (1);

INSERT INTO public.false_positive_messages(id)
VALUES (2);

INSERT INTO public.false_negative_messages(chat_id, message_id)
VALUES (-42, 8),
       (-666, 200),
       (-666, 201),
       (-666, 202),
       (-666, 203),
       (-666, 204),
       (-666, 205),
       (-666, 206),
       (-666, 207),
       (-666, 208),
       (-666, 209),
       (-666, 210),
       (-666, 211),
       (-666, 212),
       (-666, 213),
       (-666, 214),
       (-666, 215),
       (-666, 216),
       (-666, 217),
       (-666, 218),
       (-666, 219),
       (-666, 220),
       (-666, 221),
       (-666, 222),
       (-666, 223),
       (-666, 224),
       (-666, 225),
       (-666, 226),
       (-666, 227),
       (-666, 228),
       (-666, 229),
       (-666, 230),
       (-666, 231),
       (-666, 232),
       (-666, 233),
       (-666, 234),
       (-666, 235),
       (-666, 236),
       (-666, 237),
       (-666, 238),
       (-666, 239),
       (-666, 240),
       (-666, 241),
       (-666, 242),
       (-666, 243),
       (-666, 244),
       (-666, 245),
       (-666, 246),
       (-666, 247),
       (-666, 248),
       (-666, 249),
       (-666, 250),
       (-666, 251),
       (-666, 252),
       (-666, 253),
       (-666, 254),
       (-666, 255),
       (-666, 256),
       (-666, 257),
       (-666, 258),
       (-666, 259),
       (-666, 260),
       (-666, 261),
       (-666, 262),
       (-666, 263),
       (-666, 264),
       (-666, 265),
       (-666, 266),
       (-666, 267),
       (-666, 268),
       (-666, 269),
       (-666, 270),
       (-666, 271),
       (-666, 272),
       (-666, 273),
       (-666, 274),
       (-666, 275),
       (-666, 276),
       (-666, 277),
       (-666, 278),
       (-666, 279),
       (-666, 280),
       (-666, 281),
       (-666, 282),
       (-666, 283),
       (-666, 284),
       (-666, 285),
       (-666, 286),
       (-666, 287),
       (-666, 288),
       (-666, 289),
       (-666, 290),
       (-666, 291),
       (-666, 292),
       (-666, 293),
       (-666, 294),
       (-666, 295),
       (-666, 296),
       (-666, 297),
       (-666, 298),
       (-666, 299);
