INSERT INTO public."user"(id, username, banned_by, banned_at, ban_reason)
VALUES (34, 'vahter_1', NULL, NULL, NULL),
       (69, 'vahter_2', NULL, NULL, NULL);

-- insert some fake data for ML training
INSERT INTO public."user"(id, username, banned_by, banned_at, ban_reason)
VALUES (1001, 'a', NULL, NULL, NULL),
       (1002, 'b', NULL, NULL, NULL),
       (1003, 'c', NULL, NULL, NULL),
       (1004, 'd', NULL, NULL, NULL),
       (1005, 'e', NULL, NULL, NULL),
       (1006, 'f', NULL, NULL, NULL),
       (1007, 'g', NULL, NULL, NULL),
       (1008, 'h', NULL, NULL, NULL),
       (1009, 'i', NULL, NULL, NULL),
       (1010, 'j', NULL, NULL, NULL);

INSERT INTO public.message(chat_id, message_id, user_id, created_at, text, raw_message)
VALUES (-666, 10001, 1001, '2021-01-01 00:00:00', 'a', '{}'), -- false positive user banned
       (-666, 10002, 1001, '2021-01-01 00:00:01', 'a', '{}'),
       (-666, 10003, 1001, '2021-01-01 00:00:02', 'a', '{}'),
       (-666, 10004, 1002, '2021-01-01 00:00:03', 'a', '{}'),
       (-666, 10005, 1002, '2021-01-01 00:00:04', 'a', '{}'),
       (-666, 10006, 1003, '2021-01-01 00:00:05', 'a', '{}'),
       (-666, 10007, 1003, '2021-01-01 00:00:06', 'a', '{}'),
       (-666, 10008, 1004, '2021-01-01 00:00:07', 'a', '{}'), -- false positive message banned
       (-666, 10009, 1005, '2021-01-01 00:00:08', '1', '{}'),
       (-666, 10010, 1005, '2021-01-01 00:00:09', '1', '{}'),
       (-42, 10001, 1001, '2021-01-01 00:00:00', 'a', '{}'),
       (-42, 10002, 1001, '2021-01-01 00:00:01', 'a', '{}'),
       (-42, 10003, 1001, '2021-01-01 00:00:02', 'a', '{}'),
       (-42, 10004, 1002, '2021-01-01 00:00:03', 'a', '{}'),
       (-42, 10005, 1002, '2021-01-01 00:00:04', 'a', '{}'),
       (-42, 10006, 1003, '2021-01-01 00:00:05', 'a', '{}'),
       (-42, 10007, 1003, '2021-01-01 00:00:06', 'a', '{}'),
       (-42, 10008, 1004, '2021-01-01 00:00:07', '3', '{}'),  -- false negative
       (-42, 10009, 1006, '2021-01-01 00:00:08', '1', '{}'),

       -- to prevent small sample size, we'll copy the next line 100 times
       -- this is spam
       (-42, 10010, 1006, '2021-01-01 00:00:09', '1', '{}'),
       (-42, 10011, 1006, '2021-01-01 00:00:09', '1', '{}'),
       (-42, 10012, 1006, '2021-01-01 00:00:09', '1', '{}'),
       (-42, 10013, 1006, '2021-01-01 00:00:09', '1', '{}'),
       (-42, 10014, 1006, '2021-01-01 00:00:09', '1', '{}'),
       (-42, 10015, 1006, '2021-01-01 00:00:09', '1', '{}'),
       (-42, 10016, 1006, '2021-01-01 00:00:09', '1', '{}'),
       (-42, 10017, 1006, '2021-01-01 00:00:09', '1', '{}'),
       (-42, 10018, 1006, '2021-01-01 00:00:09', '1', '{}'),
       (-42, 10019, 1006, '2021-01-01 00:00:09', '1', '{}'),
       (-42, 10020, 1006, '2021-01-01 00:00:09', '1', '{}'),
       (-42, 10021, 1006, '2021-01-01 00:00:09', '1', '{}'),
       (-42, 10022, 1006, '2021-01-01 00:00:09', '1', '{}'),
       (-42, 10023, 1006, '2021-01-01 00:00:09', '1', '{}'),
       (-42, 10024, 1006, '2021-01-01 00:00:09', '1', '{}'),
       (-42, 10025, 1006, '2021-01-01 00:00:09', '1', '{}'),
       (-42, 10026, 1006, '2021-01-01 00:00:09', '1', '{}'),
       (-42, 10027, 1006, '2021-01-01 00:00:09', '1', '{}'),
       (-42, 10028, 1006, '2021-01-01 00:00:09', '1', '{}'),
       (-42, 10029, 1006, '2021-01-01 00:00:09', '1', '{}'),
       (-42, 10030, 1006, '2021-01-01 00:00:09', '1', '{}'),
       (-42, 10031, 1006, '2021-01-01 00:00:09', '1', '{}'),
       (-42, 10032, 1006, '2021-01-01 00:00:09', '1', '{}'),
       (-42, 10033, 1006, '2021-01-01 00:00:09', '1', '{}'),
       (-42, 10034, 1006, '2021-01-01 00:00:09', '1', '{}'),
       (-42, 10035, 1006, '2021-01-01 00:00:09', '1', '{}'),
       (-42, 10036, 1006, '2021-01-01 00:00:09', '1', '{}'),
       (-42, 10037, 1006, '2021-01-01 00:00:09', '1', '{}'),
       (-42, 10038, 1006, '2021-01-01 00:00:09', '1', '{}'),
       (-42, 10039, 1006, '2021-01-01 00:00:09', '1', '{}'),
       (-42, 10040, 1006, '2021-01-01 00:00:09', '1', '{}'),
       (-42, 10041, 1006, '2021-01-01 00:00:09', '1', '{}'),
       (-42, 10042, 1006, '2021-01-01 00:00:09', '1', '{}'),
       (-42, 10043, 1006, '2021-01-01 00:00:09', '1', '{}'),
       (-42, 10044, 1006, '2021-01-01 00:00:09', '1', '{}'),
       (-42, 10045, 1006, '2021-01-01 00:00:09', '1', '{}'),
       (-42, 10046, 1006, '2021-01-01 00:00:09', '1', '{}'),
       (-42, 10047, 1006, '2021-01-01 00:00:09', '1', '{}'),
       (-42, 10048, 1006, '2021-01-01 00:00:09', '1', '{}'),
       (-42, 10049, 1006, '2021-01-01 00:00:09', '1', '{}'),
       (-42, 10050, 1006, '2021-01-01 00:00:09', '1', '{}'),
       (-42, 10051, 1006, '2021-01-01 00:00:09', '1', '{}'),
       (-42, 10052, 1006, '2021-01-01 00:00:09', '1', '{}'),
       (-42, 10053, 1006, '2021-01-01 00:00:09', '1', '{}'),
       (-42, 10054, 1006, '2021-01-01 00:00:09', '1', '{}'),
       (-42, 10055, 1006, '2021-01-01 00:00:09', '1', '{}'),
       (-42, 10056, 1006, '2021-01-01 00:00:09', '1', '{}'),
       (-42, 10057, 1006, '2021-01-01 00:00:09', '1', '{}'),
       (-42, 10058, 1006, '2021-01-01 00:00:09', '1', '{}'),
       (-42, 10059, 1006, '2021-01-01 00:00:09', '1', '{}'),
       (-42, 10060, 1006, '2021-01-01 00:00:09', '1', '{}'),
       (-42, 10061, 1006, '2021-01-01 00:00:09', '1', '{}'),
       (-42, 10062, 1006, '2021-01-01 00:00:09', '1', '{}'),
       (-42, 10063, 1006, '2021-01-01 00:00:09', '1', '{}'),
       (-42, 10064, 1006, '2021-01-01 00:00:09', '1', '{}'),
       (-42, 10065, 1006, '2021-01-01 00:00:09', '1', '{}'),
       (-42, 10066, 1006, '2021-01-01 00:00:09', '1', '{}'),
       (-42, 10067, 1006, '2021-01-01 00:00:09', '1', '{}'),
       (-42, 10068, 1006, '2021-01-01 00:00:09', '1', '{}'),
       (-42, 10069, 1006, '2021-01-01 00:00:09', '1', '{}'),
       (-42, 10070, 1006, '2021-01-01 00:00:09', '1', '{}'),
       (-42, 10071, 1006, '2021-01-01 00:00:09', '1', '{}'),
       (-42, 10072, 1006, '2021-01-01 00:00:09', '1', '{}'),
       (-42, 10073, 1006, '2021-01-01 00:00:09', '2', '{}'),
       (-42, 10074, 1006, '2021-01-01 00:00:09', '2', '{}'),
       (-42, 10075, 1006, '2021-01-01 00:00:09', '2', '{}'),
       (-42, 10076, 1006, '2021-01-01 00:00:09', '2', '{}'),
       (-42, 10077, 1006, '2021-01-01 00:00:09', '2', '{}'),
       (-42, 10078, 1006, '2021-01-01 00:00:09', '2', '{}'),
       (-42, 10079, 1006, '2021-01-01 00:00:09', '2', '{}'),
       (-42, 10080, 1006, '2021-01-01 00:00:09', '2', '{}'),
       (-42, 10081, 1006, '2021-01-01 00:00:09', '2', '{}'),
       (-42, 10082, 1006, '2021-01-01 00:00:09', '2', '{}'),
       (-42, 10083, 1006, '2021-01-01 00:00:09', '2', '{}'),
       (-42, 10084, 1006, '2021-01-01 00:00:09', '2', '{}'),
       (-42, 10085, 1006, '2021-01-01 00:00:09', '2', '{}'),
       (-42, 10086, 1006, '2021-01-01 00:00:09', '2', '{}'),
       (-42, 10087, 1006, '2021-01-01 00:00:09', '2', '{}'),
       (-42, 10088, 1006, '2021-01-01 00:00:09', '2', '{}'),
       (-42, 10089, 1006, '2021-01-01 00:00:09', '2', '{}'),
       (-42, 10090, 1006, '2021-01-01 00:00:09', '2', '{}'),
       (-42, 10091, 1006, '2021-01-01 00:00:09', '2', '{}'),
       (-42, 10092, 1006, '2021-01-01 00:00:09', '2', '{}'),
       (-42, 10093, 1006, '2021-01-01 00:00:09', '2', '{}'),
       (-42, 10094, 1006, '2021-01-01 00:00:09', '2', '{}'),
       (-42, 10095, 1006, '2021-01-01 00:00:09', '2', '{}'),
       (-42, 10096, 1006, '2021-01-01 00:00:09', '2', '{}'),
       (-42, 10097, 1006, '2021-01-01 00:00:09', '2', '{}'),
       (-42, 10098, 1006, '2021-01-01 00:00:09', '2', '{}'),
       (-42, 10099, 1006, '2021-01-01 00:00:09', '2', '{}'),
       -- this is not spam
       (-666, 10100, 1001, '2021-01-01 00:00:01', 'a', '{}'),
       (-666, 10101, 1001, '2021-01-01 00:00:01', 'a', '{}'),
       (-666, 10102, 1001, '2021-01-01 00:00:01', 'a', '{}'),
       (-666, 10103, 1001, '2021-01-01 00:00:01', 'a', '{}'),
       (-666, 10104, 1001, '2021-01-01 00:00:01', 'a', '{}'),
       (-666, 10105, 1001, '2021-01-01 00:00:01', 'a', '{}'),
       (-666, 10106, 1001, '2021-01-01 00:00:01', 'a', '{}'),
       (-666, 10107, 1001, '2021-01-01 00:00:01', 'a', '{}'),
       (-666, 10108, 1001, '2021-01-01 00:00:01', 'a', '{}'),
       (-666, 10109, 1001, '2021-01-01 00:00:01', 'a', '{}'),
       (-666, 10110, 1001, '2021-01-01 00:00:01', 'a', '{}'),
       (-666, 10111, 1001, '2021-01-01 00:00:01', 'a', '{}'),
       (-666, 10112, 1001, '2021-01-01 00:00:01', 'a', '{}'),
       (-666, 10113, 1001, '2021-01-01 00:00:01', 'a', '{}'),
       (-666, 10114, 1001, '2021-01-01 00:00:01', 'a', '{}'),
       (-666, 10115, 1001, '2021-01-01 00:00:01', 'a', '{}'),
       (-666, 10116, 1001, '2021-01-01 00:00:01', 'a', '{}'),
       (-666, 10117, 1001, '2021-01-01 00:00:01', 'a', '{}'),
       (-666, 10118, 1001, '2021-01-01 00:00:01', 'a', '{}'),
       (-666, 10119, 1001, '2021-01-01 00:00:01', 'a', '{}'),
       (-666, 10120, 1001, '2021-01-01 00:00:01', 'a', '{}'),
       (-666, 10121, 1001, '2021-01-01 00:00:01', 'a', '{}'),
       (-666, 10122, 1001, '2021-01-01 00:00:01', 'a', '{}'),
       (-666, 10123, 1001, '2021-01-01 00:00:01', 'a', '{}'),
       (-666, 10124, 1001, '2021-01-01 00:00:01', 'a', '{}'),
       (-666, 10125, 1001, '2021-01-01 00:00:01', 'a', '{}'),
       (-666, 10126, 1001, '2021-01-01 00:00:01', 'a', '{}'),
       (-666, 10127, 1001, '2021-01-01 00:00:01', 'a', '{}'),
       (-666, 10128, 1001, '2021-01-01 00:00:01', 'a', '{}'),
       (-666, 10129, 1001, '2021-01-01 00:00:01', 'a', '{}'),
       (-666, 10130, 1001, '2021-01-01 00:00:01', 'a', '{}'),
       (-666, 10131, 1001, '2021-01-01 00:00:01', 'a', '{}'),
       (-666, 10132, 1001, '2021-01-01 00:00:01', 'a', '{}'),
       (-666, 10133, 1001, '2021-01-01 00:00:01', 'a', '{}'),
       (-666, 10134, 1001, '2021-01-01 00:00:01', 'a', '{}'),
       (-666, 10135, 1001, '2021-01-01 00:00:01', 'a', '{}'),
       (-666, 10136, 1001, '2021-01-01 00:00:01', 'a', '{}'),
       (-666, 10137, 1001, '2021-01-01 00:00:01', 'a', '{}'),
       (-666, 10138, 1001, '2021-01-01 00:00:01', 'a', '{}'),
       (-666, 10139, 1001, '2021-01-01 00:00:01', 'a', '{}'),
       (-666, 10140, 1001, '2021-01-01 00:00:01', 'a', '{}'),
       (-666, 10141, 1001, '2021-01-01 00:00:01', 'a', '{}'),
       (-666, 10142, 1001, '2021-01-01 00:00:01', 'a', '{}'),
       (-666, 10143, 1001, '2021-01-01 00:00:01', 'a', '{}'),
       (-666, 10144, 1001, '2021-01-01 00:00:01', 'a', '{}'),
       (-666, 10145, 1001, '2021-01-01 00:00:01', 'a', '{}'),
       (-666, 10146, 1001, '2021-01-01 00:00:01', 'a', '{}'),
       (-666, 10147, 1001, '2021-01-01 00:00:01', 'a', '{}'),
       (-666, 10148, 1001, '2021-01-01 00:00:01', 'a', '{}'),
       (-666, 10149, 1001, '2021-01-01 00:00:01', 'a', '{}'),
       (-666, 10150, 1001, '2021-01-01 00:00:01', 'a', '{}'),
       (-666, 10151, 1001, '2021-01-01 00:00:01', 'a', '{}'),
       (-666, 10152, 1001, '2021-01-01 00:00:01', 'a', '{}'),
       (-666, 10153, 1001, '2021-01-01 00:00:01', 'a', '{}'),
       (-666, 10154, 1001, '2021-01-01 00:00:01', 'a', '{}'),
       (-666, 10155, 1001, '2021-01-01 00:00:01', 'a', '{}'),
       (-666, 10156, 1001, '2021-01-01 00:00:01', 'a', '{}'),
       (-666, 10157, 1001, '2021-01-01 00:00:01', 'a', '{}'),
       (-666, 10158, 1001, '2021-01-01 00:00:01', 'a', '{}'),
       (-666, 10159, 1001, '2021-01-01 00:00:01', 'a', '{}'),
       (-666, 10160, 1001, '2021-01-01 00:00:01', 'a', '{}'),
       (-666, 10161, 1001, '2021-01-01 00:00:01', 'a', '{}'),
       (-666, 10162, 1001, '2021-01-01 00:00:01', 'a', '{}'),
       (-666, 10163, 1001, '2021-01-01 00:00:01', 'a', '{}'),
       (-666, 10164, 1001, '2021-01-01 00:00:01', 'a', '{}'),
       (-666, 10165, 1001, '2021-01-01 00:00:01', 'a', '{}'),
       (-666, 10166, 1001, '2021-01-01 00:00:01', 'a', '{}'),
       (-666, 10167, 1001, '2021-01-01 00:00:01', 'a', '{}'),
       (-666, 10168, 1001, '2021-01-01 00:00:01', 'a', '{}'),
       (-666, 10169, 1001, '2021-01-01 00:00:01', 'a', '{}'),
       (-666, 10170, 1001, '2021-01-01 00:00:01', 'a', '{}'),
       (-666, 10171, 1001, '2021-01-01 00:00:01', 'a', '{}'),
       (-666, 10172, 1001, '2021-01-01 00:00:01', 'a', '{}'),
       (-666, 10173, 1001, '2021-01-01 00:00:01', 'a', '{}'),
       (-666, 10174, 1001, '2021-01-01 00:00:01', 'a', '{}'),
       (-666, 10175, 1001, '2021-01-01 00:00:01', 'a', '{}'),
       (-666, 10176, 1001, '2021-01-01 00:00:01', 'a', '{}'),
       (-666, 10177, 1001, '2021-01-01 00:00:01', 'a', '{}'),
       (-666, 10178, 1001, '2021-01-01 00:00:01', 'a', '{}'),
       (-666, 10179, 1001, '2021-01-01 00:00:01', 'a', '{}'),
       (-666, 10180, 1001, '2021-01-01 00:00:01', 'a', '{}'),
       (-666, 10181, 1001, '2021-01-01 00:00:01', 'a', '{}'),
       (-666, 10182, 1001, '2021-01-01 00:00:01', 'a', '{}'),
       (-666, 10183, 1001, '2021-01-01 00:00:01', 'a', '{}'),
       (-666, 10184, 1001, '2021-01-01 00:00:01', 'a', '{}'),
       (-666, 10185, 1001, '2021-01-01 00:00:01', 'a', '{}'),
       (-666, 10186, 1001, '2021-01-01 00:00:01', 'a', '{}'),
       (-666, 10187, 1001, '2021-01-01 00:00:01', 'a', '{}'),
       (-666, 10188, 1001, '2021-01-01 00:00:01', 'a', '{}'),
       (-666, 10189, 1001, '2021-01-01 00:00:01', 'a', '{}'),
       (-666, 10190, 1001, '2021-01-01 00:00:01', 'a', '{}'),
       (-666, 10191, 1001, '2021-01-01 00:00:01', 'a', '{}'),
       (-666, 10192, 1001, '2021-01-01 00:00:01', 'a', '{}'),
       (-666, 10193, 1001, '2021-01-01 00:00:01', 'a', '{}'),
       (-666, 10194, 1001, '2021-01-01 00:00:01', 'a', '{}'),
       (-666, 10195, 1001, '2021-01-01 00:00:01', 'a', '{}'),
       (-666, 10196, 1001, '2021-01-01 00:00:01', 'a', '{}'),
       (-666, 10197, 1001, '2021-01-01 00:00:01', 'a', '{}'),
       (-666, 10198, 1001, '2021-01-01 00:00:01', 'a', '{}'),
       (-666, 10199, 1001, '2021-01-01 00:00:01', 'a', '{}'),

       -- to enforce false-negative appearance
       (-666, 10200, 1001, '2021-01-01 00:00:01', '3', '{}'),
       (-666, 10201, 1001, '2021-01-01 00:00:01', '3', '{}'),
       (-666, 10202, 1001, '2021-01-01 00:00:01', '3', '{}'),
       (-666, 10203, 1001, '2021-01-01 00:00:01', '3', '{}'),
       (-666, 10204, 1001, '2021-01-01 00:00:01', '3', '{}'),
       (-666, 10205, 1001, '2021-01-01 00:00:01', '3', '{}'),
       (-666, 10206, 1001, '2021-01-01 00:00:01', '3', '{}'),
       (-666, 10207, 1001, '2021-01-01 00:00:01', '3', '{}'),
       (-666, 10208, 1001, '2021-01-01 00:00:01', '3', '{}'),
       (-666, 10209, 1001, '2021-01-01 00:00:01', '3', '{}'),
       (-666, 10210, 1001, '2021-01-01 00:00:01', '3', '{}'),
       (-666, 10211, 1001, '2021-01-01 00:00:01', '3', '{}'),
       (-666, 10212, 1001, '2021-01-01 00:00:01', '3', '{}'),
       (-666, 10213, 1001, '2021-01-01 00:00:01', '3', '{}'),
       (-666, 10214, 1001, '2021-01-01 00:00:01', '3', '{}'),
       (-666, 10215, 1001, '2021-01-01 00:00:01', '3', '{}'),
       (-666, 10216, 1001, '2021-01-01 00:00:01', '3', '{}'),
       (-666, 10217, 1001, '2021-01-01 00:00:01', '3', '{}'),
       (-666, 10218, 1001, '2021-01-01 00:00:01', '3', '{}'),
       (-666, 10219, 1001, '2021-01-01 00:00:01', '3', '{}'),
       (-666, 10220, 1001, '2021-01-01 00:00:01', '3', '{}'),
       (-666, 10221, 1001, '2021-01-01 00:00:01', '3', '{}'),
       (-666, 10222, 1001, '2021-01-01 00:00:01', '3', '{}'),
       (-666, 10223, 1001, '2021-01-01 00:00:01', '3', '{}'),
       (-666, 10224, 1001, '2021-01-01 00:00:01', '3', '{}'),
       (-666, 10225, 1001, '2021-01-01 00:00:01', '3', '{}'),
       (-666, 10226, 1001, '2021-01-01 00:00:01', '3', '{}'),
       (-666, 10227, 1001, '2021-01-01 00:00:01', '3', '{}'),
       (-666, 10228, 1001, '2021-01-01 00:00:01', '3', '{}'),
       (-666, 10229, 1001, '2021-01-01 00:00:01', '3', '{}'),
       (-666, 10230, 1001, '2021-01-01 00:00:01', '3', '{}'),
       (-666, 10231, 1001, '2021-01-01 00:00:01', '3', '{}'),
       (-666, 10232, 1001, '2021-01-01 00:00:01', '3', '{}'),
       (-666, 10233, 1001, '2021-01-01 00:00:01', '3', '{}'),
       (-666, 10234, 1001, '2021-01-01 00:00:01', '3', '{}'),
       (-666, 10235, 1001, '2021-01-01 00:00:01', '3', '{}'),
       (-666, 10236, 1001, '2021-01-01 00:00:01', '3', '{}'),
       (-666, 10237, 1001, '2021-01-01 00:00:01', '3', '{}'),
       (-666, 10238, 1001, '2021-01-01 00:00:01', '3', '{}'),
       (-666, 10239, 1001, '2021-01-01 00:00:01', '3', '{}'),
       (-666, 10240, 1001, '2021-01-01 00:00:01', '3', '{}'),
       (-666, 10241, 1001, '2021-01-01 00:00:01', '3', '{}'),
       (-666, 10242, 1001, '2021-01-01 00:00:01', '3', '{}'),
       (-666, 10243, 1001, '2021-01-01 00:00:01', '3', '{}'),
       (-666, 10244, 1001, '2021-01-01 00:00:01', '3', '{}'),
       (-666, 10245, 1001, '2021-01-01 00:00:01', '3', '{}'),
       (-666, 10246, 1001, '2021-01-01 00:00:01', '3', '{}'),
       (-666, 10247, 1001, '2021-01-01 00:00:01', '3', '{}'),
       (-666, 10248, 1001, '2021-01-01 00:00:01', '3', '{}'),
       (-666, 10249, 1001, '2021-01-01 00:00:01', '3', '{}'),
       (-666, 10250, 1001, '2021-01-01 00:00:01', '3', '{}'),
       (-666, 10251, 1001, '2021-01-01 00:00:01', '3', '{}'),
       (-666, 10252, 1001, '2021-01-01 00:00:01', '3', '{}'),
       (-666, 10253, 1001, '2021-01-01 00:00:01', '3', '{}'),
       (-666, 10254, 1001, '2021-01-01 00:00:01', '3', '{}'),
       (-666, 10255, 1001, '2021-01-01 00:00:01', '3', '{}'),
       (-666, 10256, 1001, '2021-01-01 00:00:01', '3', '{}'),
       (-666, 10257, 1001, '2021-01-01 00:00:01', '3', '{}'),
       (-666, 10258, 1001, '2021-01-01 00:00:01', '3', '{}'),
       (-666, 10259, 1001, '2021-01-01 00:00:01', '3', '{}'),
       (-666, 10260, 1001, '2021-01-01 00:00:01', '3', '{}'),
       (-666, 10261, 1001, '2021-01-01 00:00:01', '3', '{}'),
       (-666, 10262, 1001, '2021-01-01 00:00:01', '3', '{}'),
       (-666, 10263, 1001, '2021-01-01 00:00:01', '3', '{}'),
       (-666, 10264, 1001, '2021-01-01 00:00:01', '3', '{}'),
       (-666, 10265, 1001, '2021-01-01 00:00:01', '3', '{}'),
       (-666, 10266, 1001, '2021-01-01 00:00:01', '3', '{}'),
       (-666, 10267, 1001, '2021-01-01 00:00:01', '3', '{}'),
       (-666, 10268, 1001, '2021-01-01 00:00:01', '3', '{}'),
       (-666, 10269, 1001, '2021-01-01 00:00:01', '3', '{}'),
       (-666, 10270, 1001, '2021-01-01 00:00:01', '3', '{}'),
       (-666, 10271, 1001, '2021-01-01 00:00:01', '3', '{}'),
       (-666, 10272, 1001, '2021-01-01 00:00:01', '3', '{}'),
       (-666, 10273, 1001, '2021-01-01 00:00:01', '3', '{}'),
       (-666, 10274, 1001, '2021-01-01 00:00:01', '3', '{}'),
       (-666, 10275, 1001, '2021-01-01 00:00:01', '3', '{}'),
       (-666, 10276, 1001, '2021-01-01 00:00:01', '3', '{}'),
       (-666, 10277, 1001, '2021-01-01 00:00:01', '3', '{}'),
       (-666, 10278, 1001, '2021-01-01 00:00:01', '3', '{}'),
       (-666, 10279, 1001, '2021-01-01 00:00:01', '3', '{}'),
       (-666, 10280, 1001, '2021-01-01 00:00:01', '3', '{}'),
       (-666, 10281, 1001, '2021-01-01 00:00:01', '3', '{}'),
       (-666, 10282, 1001, '2021-01-01 00:00:01', '3', '{}'),
       (-666, 10283, 1001, '2021-01-01 00:00:01', '3', '{}'),
       (-666, 10284, 1001, '2021-01-01 00:00:01', '3', '{}'),
       (-666, 10285, 1001, '2021-01-01 00:00:01', '3', '{}'),
       (-666, 10286, 1001, '2021-01-01 00:00:01', '3', '{}'),
       (-666, 10287, 1001, '2021-01-01 00:00:01', '3', '{}'),
       (-666, 10288, 1001, '2021-01-01 00:00:01', '3', '{}'),
       (-666, 10289, 1001, '2021-01-01 00:00:01', '3', '{}'),
       (-666, 10290, 1001, '2021-01-01 00:00:01', '3', '{}'),
       (-666, 10291, 1001, '2021-01-01 00:00:01', '3', '{}'),
       (-666, 10292, 1001, '2021-01-01 00:00:01', '3', '{}'),
       (-666, 10293, 1001, '2021-01-01 00:00:01', '3', '{}'),
       (-666, 10294, 1001, '2021-01-01 00:00:01', '3', '{}'),
       (-666, 10295, 1001, '2021-01-01 00:00:01', '3', '{}'),
       (-666, 10296, 1001, '2021-01-01 00:00:01', '3', '{}'),
       (-666, 10297, 1001, '2021-01-01 00:00:01', '3', '{}'),
       (-666, 10298, 1001, '2021-01-01 00:00:01', '3', '{}'),
       (-666, 10299, 1001, '2021-01-01 00:00:01', '3', '{}');

INSERT INTO public.banned(id, message_id, message_text, banned_user_id, banned_at, banned_in_chat_id, banned_in_chat_username, banned_by)
VALUES (100001, 10001, 'a', 1001, '2021-01-01 00:00:00', -666, 'pro.hell', 34),
       (100002, 10008, 'a', 1004, '2021-01-01 00:00:07', -666, 'pro.hell', 69),
       (100003, 10009, '1', 1005, '2021-01-01 00:00:08', -666, 'pro.hell', 34),
       (100004, 10010, '2', 1006, '2021-01-01 00:00:09', -42, 'dotnetru', 69);

INSERT INTO public.false_positive_users(user_id)
VALUES (1001);

INSERT INTO public.false_positive_messages(id)
VALUES (100002);

INSERT INTO public.false_negative_messages(chat_id, message_id)
VALUES (-42, 10008),
       (-666, 10200),
       (-666, 10201),
       (-666, 10202),
       (-666, 10203),
       (-666, 10204),
       (-666, 10205),
       (-666, 10206),
       (-666, 10207),
       (-666, 10208),
       (-666, 10209),
       (-666, 10210),
       (-666, 10211),
       (-666, 10212),
       (-666, 10213),
       (-666, 10214),
       (-666, 10215),
       (-666, 10216),
       (-666, 10217),
       (-666, 10218),
       (-666, 10219),
       (-666, 10220),
       (-666, 10221),
       (-666, 10222),
       (-666, 10223),
       (-666, 10224),
       (-666, 10225),
       (-666, 10226),
       (-666, 10227),
       (-666, 10228),
       (-666, 10229),
       (-666, 10230),
       (-666, 10231),
       (-666, 10232),
       (-666, 10233),
       (-666, 10234),
       (-666, 10235),
       (-666, 10236),
       (-666, 10237),
       (-666, 10238),
       (-666, 10239),
       (-666, 10240),
       (-666, 10241),
       (-666, 10242),
       (-666, 10243),
       (-666, 10244),
       (-666, 10245),
       (-666, 10246),
       (-666, 10247),
       (-666, 10248),
       (-666, 10249),
       (-666, 10250),
       (-666, 10251),
       (-666, 10252),
       (-666, 10253),
       (-666, 10254),
       (-666, 10255),
       (-666, 10256),
       (-666, 10257),
       (-666, 10258),
       (-666, 10259),
       (-666, 10260),
       (-666, 10261),
       (-666, 10262),
       (-666, 10263),
       (-666, 10264),
       (-666, 10265),
       (-666, 10266),
       (-666, 10267),
       (-666, 10268),
       (-666, 10269),
       (-666, 10270),
       (-666, 10271),
       (-666, 10272),
       (-666, 10273),
       (-666, 10274),
       (-666, 10275),
       (-666, 10276),
       (-666, 10277),
       (-666, 10278),
       (-666, 10279),
       (-666, 10280),
       (-666, 10281),
       (-666, 10282),
       (-666, 10283),
       (-666, 10284),
       (-666, 10285),
       (-666, 10286),
       (-666, 10287),
       (-666, 10288),
       (-666, 10289),
       (-666, 10290),
       (-666, 10291),
       (-666, 10292),
       (-666, 10293),
       (-666, 10294),
       (-666, 10295),
       (-666, 10296),
       (-666, 10297),
       (-666, 10298),
       (-666, 10299);
